id_programa,id_estado,id_municipio,id_localidad,id_estado2,id_municipio2,id_plaza,id_comisionista,fecha,id_tipo_actividad,id_actividad,id_tema,mujeres,hombres,discapacidad,etnia,foto,lista_asistencia,ficha_tecnica,status,username,create_date,update_date
21,26,17,2584,26,17,576,84,2021-01-14,1,22,3,10,0,0,0,0,0,0,1,admin,2021-01-28 22:46:16,2021-04-08 19:17:10
22,26,17,2861,26,17,576,83,2020-01-20,1,22,21,53,20,0,0,0,0,0,1,luisaagpo,2021-01-29 21:32:05,
23,26,17,2584,26,17,576,84,2020-01-21,1,22,2,0,68,0,0,0,0,0,1,luisaagpo,2021-01-29 21:42:05,
24,26,17,2584,26,17,576,83,2020-01-21,1,22,2,0,56,0,0,0,0,0,1,luisaagpo,2021-02-04 20:02:32,
25,26,30,8112,26,30,557,93,2020-01-09,1,22,2,9,10,0,0,0,0,0,1,luisaagpo,2021-02-04 20:35:28,
26,26,30,8112,26,30,557,93,2020-01-09,1,22,2,15,9,0,0,0,0,0,1,luisaagpo,2021-02-04 20:45:55,
27,26,30,8112,26,30,557,94,2020-01-10,1,22,2,15,12,0,0,0,0,0,1,luisaagpo,2021-02-04 20:50:27,
28,26,30,8112,26,30,557,94,2020-01-10,1,22,2,14,10,0,0,0,0,0,1,luisaagpo,2021-02-04 20:52:26,
29,26,30,8112,26,30,557,89,2020-01-09,1,22,37,11,0,0,0,0,0,0,1,luisaagpo,2021-02-04 21:03:19,
30,26,30,8112,26,30,557,93,2020-01-10,1,22,2,11,11,0,0,0,0,0,1,luisaagpo,2021-02-08 21:10:24,
31,26,30,8112,26,30,557,78,2020-01-13,1,22,6,25,3,0,0,0,0,0,1,luisaagpo,2021-02-08 21:12:29,
32,26,30,8112,26,30,557,78,2020-01-14,1,22,6,25,20,0,0,0,0,0,1,luisaagpo,2021-02-08 21:14:17,
33,26,30,8112,26,30,557,78,2020-01-15,1,22,6,13,3,0,0,0,0,0,1,luisaagpo,2021-02-08 21:16:13,
34,26,30,8112,26,30,557,87,2020-01-16,1,22,2,5,6,0,0,0,0,0,1,luisaagpo,2021-02-08 21:19:36,
35,26,30,8112,26,30,557,94,2020-01-16,1,22,2,11,4,0,0,0,0,0,1,luisaagpo,2021-02-08 21:21:35,
36,26,30,8112,26,30,557,78,2020-01-16,1,22,6,9,4,0,0,0,0,0,1,luisaagpo,2021-02-09 17:47:04,
37,26,30,8112,26,30,557,87,2020-01-17,1,22,2,10,10,0,0,0,0,0,1,luisaagpo,2021-02-09 17:52:07,
38,26,30,8112,26,30,557,93,2020-01-17,1,22,19,12,11,0,0,0,0,0,1,luisaagpo,2021-02-09 17:53:59,
39,26,30,8112,26,30,557,93,2020-01-17,1,22,19,12,9,0,0,0,0,0,1,luisaagpo,2021-02-09 17:55:59,
40,26,30,8112,26,30,557,93,2020-01-17,1,22,19,12,5,0,0,0,0,0,1,luisaagpo,2021-02-09 17:59:30,
41,26,30,8112,26,30,557,92,2020-01-17,1,22,30,17,4,0,0,0,0,0,1,luisaagpo,2021-02-09 18:01:48,
42,26,30,8112,26,30,557,77,2020-01-22,1,8,8,1,24,0,0,0,0,0,1,luisaagpo,2021-02-09 18:22:35,
43,26,30,8112,26,30,557,89,2020-01-22,1,22,37,14,0,0,0,0,0,0,1,luisaagpo,2021-02-09 18:32:35,
44,0,0,0,0,0,557,78,2021-02-09,1,22,8,1,24,0,0,0,0,0,1,luisaagpo,2021-02-09 18:35:14,2021-04-09 03:35:05
45,26,30,8112,26,30,557,78,2020-01-29,1,22,8,0,21,0,0,0,0,0,1,luisaagpo,2021-02-09 19:16:11,
46,26,30,8112,26,30,557,77,2020-01-29,1,8,8,1,19,0,0,0,0,0,1,luisaagpo,2021-02-09 19:18:23,
47,26,30,8112,26,30,557,78,2020-01-30,1,22,35,14,4,0,0,0,0,0,1,luisaagpo,2021-02-09 19:20:48,
48,26,30,8112,26,30,557,94,2020-01-30,1,22,29,6,0,0,0,0,0,0,1,luisaagpo,2021-02-10 21:09:38,
49,26,30,8112,26,30,557,77,2020-01-30,1,8,8,0,30,0,0,0,0,0,1,luisaagpo,2021-02-10 21:12:38,
50,26,30,8112,26,30,557,78,2020-01-31,1,22,28,19,22,0,0,0,0,0,1,luisaagpo,2021-02-10 21:14:13,
51,26,30,8101,26,30,557,78,2020-02-05,1,22,8,2,33,0,0,0,0,0,1,luisaagpo,2021-02-10 21:23:38,
52,26,30,8112,26,30,557,91,2020-02-06,1,22,23,9,0,0,0,0,0,0,1,luisaagpo,2021-02-10 21:26:17,
53,26,30,8112,26,30,557,91,2020-02-07,1,22,23,5,7,0,0,0,0,0,1,luisaagpo,2021-02-11 18:26:50,
54,26,30,8112,26,30,557,78,2020-02-07,1,22,10,8,6,0,0,0,0,0,1,luisaagpo,2021-02-12 21:22:25,
55,26,30,8112,26,30,557,77,2020-02-10,1,8,8,1,15,0,0,0,0,0,1,luisaagpo,2021-02-12 21:24:44,
56,26,30,8112,26,30,557,78,2020-02-10,1,22,14,16,6,0,0,0,0,0,1,luisaagpo,2021-02-12 21:27:52,
57,26,30,8112,26,30,557,89,2020-02-12,1,22,37,24,12,0,0,0,0,0,1,luisaagpo,2021-02-15 20:42:28,
58,26,30,8112,26,30,557,77,2020-02-12,1,8,21,11,0,0,0,0,0,0,1,luisaagpo,2021-02-15 20:45:51,
59,26,30,8112,26,30,557,78,2020-02-13,1,22,35,22,12,0,0,0,0,0,1,luisaagpo,2021-02-15 20:58:44,
60,26,30,8112,26,30,557,87,2021-02-15,1,22,30,5,2,0,0,0,0,0,1,luisaagpo,2021-02-15 21:03:06,
61,26,30,8112,26,30,557,77,2020-02-13,1,8,8,1,17,0,0,0,0,0,1,luisaagpo,2021-02-16 21:18:35,
62,26,30,8112,26,30,557,132,2020-02-20,1,22,3,23,2,0,0,0,0,0,1,luisaagpo,2021-02-16 21:22:27,
63,26,30,8112,26,30,557,89,2020-02-20,1,22,37,22,18,0,0,0,0,0,1,luisaagpo,2021-02-16 21:26:52,
64,26,43,19234,26,30,557,54,2020-02-20,1,22,12,27,3,0,0,0,0,0,1,luisaagpo,2021-02-16 21:38:15,
65,26,30,8112,26,30,557,78,2020-02-21,1,22,10,7,3,0,0,0,0,0,1,luisaagpo,2021-02-17 17:21:55,
66,26,30,8112,26,30,557,78,2020-02-21,1,22,35,5,4,0,0,0,0,0,1,luisaagpo,2021-02-17 17:23:47,
67,26,30,8112,26,30,557,77,2020-02-22,1,22,21,13,0,0,0,0,0,0,1,luisaagpo,2021-02-17 21:54:20,
68,26,30,8112,26,30,557,77,2020-02-25,1,8,8,0,15,0,0,0,0,0,1,luisaagpo,2021-02-17 21:56:19,
69,26,30,8112,26,30,557,78,2020-02-26,1,22,8,0,15,0,0,0,0,0,1,luisaagpo,2021-02-17 22:00:03,
70,26,30,8112,26,30,557,89,2020-02-27,1,22,11,34,26,0,0,0,0,0,1,luisaagpo,2021-02-17 22:04:24,
71,26,30,8112,26,30,557,77,2020-02-27,1,22,10,13,3,0,0,0,0,0,1,luisaagpo,2021-02-17 22:09:47,
72,26,30,8112,26,30,557,54,2020-02-27,1,22,5,7,11,0,0,0,0,0,1,luisaagpo,2021-02-17 22:18:31,
73,26,30,8112,26,30,557,78,2020-02-27,1,22,5,10,1,0,0,0,0,0,1,luisaagpo,2021-02-17 22:36:15,
74,26,30,8112,26,30,557,77,2020-03-02,1,22,24,19,6,0,0,0,0,0,1,luisaagpo,2021-02-17 22:40:31,
75,26,30,8112,26,30,557,77,2020-03-04,1,22,2,11,8,0,0,0,0,0,1,luisaagpo,2021-02-17 22:53:18,
76,0,0,0,0,0,557,78,2020-03-05,1,22,21,18,8,0,0,0,0,0,1,luisaagpo,2021-02-17 22:55:48,2021-04-09 04:39:38
77,0,0,0,0,0,557,78,2020-03-06,1,22,2,12,1,0,0,0,0,0,1,luisaagpo,2021-03-27 00:34:01,2021-04-09 03:33:21
78,0,0,0,0,0,557,78,2020-03-10,1,22,5,25,0,0,0,0,0,0,1,luisaagpo,2021-04-09 04:09:31,2021-04-09 04:45:32
79,0,0,0,0,0,557,77,2020-03-10,1,22,6,13,0,0,0,0,0,0,1,luisaagpo,2021-04-09 04:18:17,2021-04-09 04:20:10
80,0,0,0,0,0,557,78,2020-03-11,1,22,10,8,2,0,0,0,0,0,1,luisaagpo,2021-04-09 04:26:43,2021-04-09 04:44:46
81,26,30,8112,26,30,557,77,2020-03-11,1,22,5,105,20,0,0,0,0,0,1,luisaagpo,2021-04-09 04:52:11,
82,26,30,8112,26,30,557,78,2020-03-12,1,22,6,10,0,0,0,0,0,0,1,luisaagpo,2021-04-14 04:08:26,
83,26,30,8112,26,30,557,1,2020-03-13,1,22,6,34,0,0,0,0,0,0,1,luisaagpo,2021-04-14 04:16:06,
84,26,58,14549,26,36,584,35,2020-01-29,1,22,19,13,2,0,0,0,0,0,1,luisaagpo,2021-04-15 04:38:11,
85,26,58,14549,26,36,584,35,2020-01-29,1,22,1,15,0,0,0,0,0,0,1,luisaagpo,2021-04-15 04:45:22,
86,26,58,14549,26,36,584,35,2020-01-08,1,22,11,9,0,0,0,0,0,0,1,luisaagpo,2021-04-15 04:51:58,
87,26,58,14549,26,36,584,35,2020-01-09,1,22,14,5,6,0,0,0,0,0,1,luisaagpo,2021-04-15 04:57:26,
88,26,58,14549,26,36,584,35,2020-01-09,1,22,33,8,12,0,0,0,0,0,1,luisaagpo,2021-04-15 05:03:14,
89,26,58,14549,26,36,584,35,2020-01-13,1,22,1,7,1,0,0,0,0,0,1,luisaagpo,2021-04-15 05:08:00,
90,26,58,14558,26,36,584,35,2020-01-14,1,22,1,8,0,0,0,0,0,0,1,luisaagpo,2021-04-15 05:19:47,
91,26,58,14384,26,36,584,35,2020-01-15,1,22,1,7,1,0,0,0,0,0,1,luisaagpo,2021-04-15 05:29:52,
92,26,58,14350,26,36,584,35,2020-01-22,1,22,1,7,2,0,0,0,0,0,1,luisaagpo,2021-04-15 05:33:06,
93,26,43,19234,26,43,565,51,2020-02-25,1,22,38,9,0,0,0,0,0,0,1,luisaagpo,2021-04-19 17:00:30,
94,26,43,19234,26,43,565,51,2020-02-25,1,22,38,9,0,0,0,0,0,0,1,luisaagpo,2021-04-19 17:07:04,
95,26,43,11341,26,30,565,50,2020-01-20,1,22,30,25,0,0,0,0,0,0,1,luisaagpo,2021-04-28 00:01:55,
96,26,43,11341,26,43,565,52,2020-01-20,1,22,42,25,0,1,0,0,0,0,1,luisaagpo,2021-04-28 00:12:54,
97,26,43,11471,26,43,565,50,2020-01-25,1,22,1,13,2,0,0,0,0,0,1,luisaagpo,2021-04-28 00:22:00,
98,26,43,11471,26,43,565,50,2020-01-27,1,22,1,11,12,0,0,0,0,0,1,luisaagpo,2021-04-28 00:29:25,
99,26,43,11471,26,43,565,51,2020-02-04,1,22,29,29,4,0,0,0,0,0,1,luisaagpo,2021-04-28 00:34:12,
100,26,43,11471,26,43,565,52,2020-02-04,1,22,29,23,1,0,0,0,0,0,1,luisaagpo,2021-04-28 21:20:28,
101,26,43,19234,26,43,565,52,2020-02-10,1,22,1,48,6,0,0,0,0,0,1,luisaagpo,2021-04-28 21:36:12,
102,26,43,19234,26,43,565,52,2020-02-10,1,22,1,56,10,0,0,0,0,0,1,luisaagpo,2021-04-28 21:44:42,
103,26,43,19234,26,43,565,51,2020-02-10,1,22,38,47,15,0,0,0,0,0,1,luisaagpo,2021-04-28 21:51:58,
104,26,43,19234,26,43,565,51,2020-02-10,1,22,38,50,5,0,0,0,0,0,1,luisaagpo,2021-04-28 21:56:17,
105,26,43,11341,26,43,565,52,2020-02-11,1,22,30,65,0,0,0,0,0,0,1,luisaagpo,2021-05-01 00:59:29,
106,26,43,11341,26,43,565,51,2020-02-11,1,22,30,65,0,0,0,0,0,0,1,luisaagpo,2021-05-01 01:04:56,
107,26,2,31,26,30,557,54,2020-02-24,1,22,21,9,0,0,0,0,0,0,1,luisaagpo,2021-05-01 01:15:38,
108,26,43,11360,26,43,565,51,2020-02-24,1,22,1,11,2,0,0,0,0,0,1,luisaagpo,2021-05-01 01:24:12,
109,26,43,11360,26,43,565,51,2020-02-24,1,22,1,13,7,2,0,0,0,0,1,luisaagpo,2021-05-01 01:30:18,
110,26,2,31,26,30,557,51,2020-02-25,1,22,38,9,0,0,0,0,0,0,1,luisaagpo,2021-05-01 01:39:01,
111,26,43,19234,26,43,565,52,2020-02-25,1,22,29,6,0,0,0,0,0,0,1,luisaagpo,2021-05-01 01:54:46,
112,26,43,19234,26,43,565,126,2020-02-25,1,22,6,30,4,0,0,0,0,0,1,luisaagpo,2021-05-01 01:58:20,
113,26,43,19234,26,43,565,50,2020-02-26,1,22,2,7,4,0,0,0,0,0,1,luisaagpo,2021-05-01 02:03:47,
114,26,43,19234,26,43,565,51,2020-02-27,1,22,11,6,5,0,0,0,0,0,1,luisaagpo,2021-05-01 02:07:16,
115,26,25,6110,26,30,567,66,2020-01-20,1,22,11,24,7,0,0,0,0,0,1,luisaagpo,2021-05-03 16:39:12,
116,26,25,6110,26,29,567,66,2020-01-27,1,22,5,28,7,0,0,0,0,0,1,luisaagpo,2021-05-03 16:48:32,
117,26,25,6110,26,29,567,66,2020-01-27,1,22,5,28,7,0,0,0,0,0,1,luisaagpo,2021-05-03 16:49:01,
118,26,25,6110,26,29,567,66,2020-01-27,1,22,25,8,3,0,0,0,0,0,1,luisaagpo,2021-05-03 16:55:19,
119,26,25,6110,26,29,567,66,2020-01-28,1,22,5,13,3,1,0,0,0,0,1,luisaagpo,2021-05-03 16:59:14,
120,26,25,6110,26,29,567,66,2020-01-28,1,22,25,19,2,0,0,0,0,0,1,luisaagpo,2021-05-03 17:01:35,
121,26,25,6110,26,30,567,66,2020-01-29,1,22,5,16,14,0,0,0,0,0,1,luisaagpo,2021-05-03 17:05:07,
122,26,25,6110,26,29,567,66,2020-01-29,1,22,5,13,2,0,0,0,0,0,1,luisaagpo,2021-05-03 17:07:32,
123,26,25,6110,26,29,567,66,2020-01-30,1,22,25,19,0,0,0,0,0,0,1,luisaagpo,2021-05-03 17:10:38,
124,26,25,6110,26,29,567,66,2020-02-13,1,22,19,9,6,0,0,0,0,0,1,luisaagpo,2021-05-03 17:13:04,
125,26,25,6110,26,29,567,66,2020-02-13,1,22,19,8,7,0,0,0,0,0,1,luisaagpo,2021-05-03 17:17:18,
126,26,25,6110,26,29,567,66,2020-02-13,1,22,19,6,8,0,1,0,0,0,1,luisaagpo,2021-05-04 16:31:19,
127,26,25,6110,26,29,567,66,2020-02-17,1,22,5,1,21,0,0,0,0,0,1,luisaagpo,2021-05-04 16:34:09,
128,26,25,6110,26,29,567,66,2020-02-17,1,22,14,9,5,1,0,0,0,0,1,luisaagpo,2021-05-04 16:36:40,
129,26,25,6110,26,29,567,66,2020-02-17,1,22,14,10,5,0,0,0,0,0,1,luisaagpo,2021-05-04 16:39:34,
130,26,25,6110,26,29,567,66,2020-02-18,1,22,15,2,13,0,0,0,0,0,1,luisaagpo,2021-05-04 16:42:08,
131,26,25,6110,26,30,567,66,2020-02-18,1,22,15,4,11,0,0,0,0,0,1,luisaagpo,2021-05-04 16:46:12,
132,26,25,6162,26,30,567,66,2020-02-19,1,22,13,33,1,0,0,0,0,0,1,luisaagpo,2021-05-04 16:52:23,
133,26,25,6110,26,29,567,66,2020-02-21,1,22,25,40,4,0,0,0,0,0,1,luisaagpo,2021-05-04 17:08:13,
134,26,25,6110,26,29,567,66,2020-02-27,1,22,11,23,23,0,0,0,0,0,1,luisaagpo,2021-05-04 17:12:35,
135,26,25,6110,26,29,567,66,2020-02-27,1,22,11,23,14,0,0,0,0,0,1,luisaagpo,2021-05-04 17:15:11,
136,26,25,6110,26,30,567,66,2020-02-27,1,22,11,23,20,0,1,0,0,0,1,luisaagpo,2021-05-07 17:38:42,
137,26,25,6110,26,29,567,66,2020-02-27,1,22,11,28,14,0,0,0,0,0,1,luisaagpo,2021-05-07 17:42:31,
138,26,25,6110,26,29,567,66,2020-02-28,1,22,19,23,17,0,0,0,0,0,1,luisaagpo,2021-05-07 23:50:22,
139,26,25,6110,26,29,567,66,2020-02-28,1,22,19,28,32,0,1,0,0,0,1,luisaagpo,2021-05-07 23:53:51,
140,26,29,7048,26,29,567,66,2020-03-02,1,22,6,17,0,0,0,0,0,0,1,luisaagpo,2021-05-07 23:59:16,
141,26,29,19236,26,29,567,66,2020-03-02,1,22,6,17,0,0,0,0,0,0,1,luisaagpo,2021-05-12 16:47:45,
142,26,29,19236,26,29,567,66,2020-03-02,1,22,6,11,4,0,0,0,0,0,1,luisaagpo,2021-05-12 16:51:08,
143,26,25,6110,26,29,567,66,2020-03-03,1,22,11,21,7,0,0,0,0,0,1,luisaagpo,2021-05-12 16:53:47,
144,26,25,6110,26,29,567,66,2020-03-04,1,22,11,19,16,0,0,0,0,0,1,luisaagpo,2021-05-12 16:56:32,
145,26,25,6110,26,29,567,66,2020-03-04,1,22,38,13,21,1,0,0,0,0,1,luisaagpo,2021-05-12 17:01:03,
146,26,25,6110,26,29,567,66,2020-03-04,1,22,6,6,0,0,0,0,0,0,1,luisaagpo,2021-05-12 17:03:37,
147,26,25,6110,26,29,567,66,2020-03-10,1,22,38,27,3,0,0,0,0,0,1,luisaagpo,2021-05-12 17:06:10,
148,26,29,7287,26,29,567,66,2020-03-12,1,22,38,15,0,6,6,0,0,0,1,luisaagpo,2021-05-12 17:09:34,
149,26,29,19236,26,29,567,66,2020-03-12,1,22,1,6,2,0,0,0,0,0,1,luisaagpo,2021-05-12 17:12:44,
150,26,29,7287,26,29,567,66,2020-03-12,1,22,14,27,15,0,0,0,0,0,1,luisaagpo,2021-05-12 17:15:26,
151,26,30,7576,26,30,557,36,2020-02-05,1,22,14,11,7,0,0,0,0,0,1,luisaagpo,2021-05-12 17:18:37,
152,26,30,7576,26,30,557,36,2020-02-05,1,22,14,21,6,0,0,0,0,0,1,luisaagpo,2021-05-12 17:21:16,
153,26,30,7576,26,30,557,36,2020-02-06,1,22,5,9,1,0,0,0,0,0,1,luisaagpo,2021-05-12 17:23:16,
154,26,30,7576,26,30,557,36,2020-02-10,1,22,15,4,2,0,0,0,0,0,1,luisaagpo,2021-05-12 17:28:51,
155,26,30,7576,26,30,557,36,2020-02-11,1,22,5,8,2,1,0,0,0,0,1,luisaagpo,2021-05-12 17:30:52,
156,26,30,8112,26,30,557,78,2021-01-20,1,22,10,8,2,0,0,0,0,0,1,luisaagpo,2021-05-12 19:15:15,
157,26,30,8112,26,30,557,1,2021-01-20,1,22,5,0,0,0,0,0,0,0,1,luisaagpo,2021-05-12 19:21:50,
158,26,30,8112,26,30,557,78,2021-01-21,1,22,31,21,12,0,0,0,0,0,1,luisaagpo,2021-05-12 19:54:55,
159,26,30,8112,26,30,557,78,2021-01-25,1,22,10,25,19,0,0,0,0,0,1,luisaagpo,2021-05-12 20:00:49,
160,26,30,8112,26,30,557,80,2021-01-26,1,22,13,45,16,0,0,0,0,0,1,luisaagpo,2021-05-12 20:06:08,
161,26,30,8112,26,30,557,78,2021-01-26,1,22,29,16,5,0,0,0,0,0,1,luisaagpo,2021-05-12 20:09:25,
162,26,30,8112,26,30,557,76,2021-01-27,1,22,3,11,3,0,0,0,0,0,1,luisaagpo,2021-05-12 20:13:30,
163,26,30,8112,26,30,557,78,2021-01-27,1,22,11,0,0,0,0,0,0,0,1,luisaagpo,2021-05-12 20:15:58,
164,26,30,8112,26,30,557,80,2021-01-28,1,22,13,28,46,0,0,0,0,0,1,luisaagpo,2021-05-12 20:28:32,
165,26,30,8112,26,30,557,76,2021-01-28,1,22,23,11,10,0,0,0,0,0,1,luisaagpo,2021-05-12 20:31:09,
166,26,30,8112,26,30,557,78,2021-01-28,1,22,35,20,10,0,0,0,0,0,1,luisaagpo,2021-05-12 20:34:00,
167,26,30,8112,26,30,557,78,2021-01-28,1,22,2,11,10,0,0,0,0,0,1,luisaagpo,2021-05-12 20:36:39,
168,26,30,8112,26,30,557,78,2021-01-29,1,22,29,12,9,0,0,0,0,0,1,luisaagpo,2021-05-12 20:39:08,
169,26,30,8112,26,30,557,54,2021-02-02,1,22,32,54,8,0,0,0,0,0,1,luisaagpo,2021-05-12 20:42:26,
170,26,30,8112,26,30,557,80,2021-02-03,1,22,29,0,0,0,0,0,0,0,1,luisaagpo,2021-05-12 20:44:55,
171,26,30,8112,26,30,557,78,2021-02-03,1,22,2,15,13,0,0,0,0,0,1,luisaagpo,2021-05-12 20:47:18,
172,26,30,8112,26,30,557,80,2021-02-04,1,22,13,21,24,0,0,0,0,0,1,luisaagpo,2021-05-12 20:49:55,
173,26,30,8112,26,30,557,78,2021-02-08,1,22,35,53,32,0,0,0,0,0,1,luisaagpo,2021-05-12 20:52:24,
174,26,30,8112,26,30,557,52,2021-02-23,1,22,21,17,12,0,0,0,0,0,1,luisaagpo,2021-05-12 20:54:42,
175,26,30,8112,26,30,557,80,2021-02-25,1,22,28,15,0,0,0,0,0,0,1,luisaagpo,2021-05-12 20:57:04,
176,26,30,8112,26,30,557,78,2021-02-25,1,22,11,15,0,0,0,0,0,0,1,luisaagpo,2021-05-12 21:01:39,
177,26,30,8112,26,30,557,80,2021-02-25,1,22,6,15,0,0,0,0,0,0,1,luisaagpo,2021-05-12 21:05:39,
178,26,30,8112,26,30,557,81,2021-02-25,1,22,9,15,0,0,0,0,0,0,1,luisaagpo,2021-05-12 21:07:32,
179,26,30,8112,26,30,557,81,2021-02-25,1,22,12,15,0,0,0,0,0,0,1,luisaagpo,2021-05-12 21:10:18,
180,26,30,8112,26,30,557,81,2021-02-25,1,22,5,15,0,0,0,0,0,0,1,luisaagpo,2021-05-12 21:14:24,
181,26,30,8112,26,30,557,78,2021-02-25,1,22,5,18,12,0,0,0,0,0,1,luisaagpo,2021-05-13 17:13:17,
182,26,30,8112,26,30,557,80,2021-02-25,1,22,11,97,5,0,0,0,0,0,1,luisaagpo,2021-05-13 17:19:25,
183,26,30,8112,26,30,557,80,2021-02-26,1,22,16,16,2,0,0,0,0,0,1,luisaagpo,2021-05-13 17:23:18,
184,26,30,8112,26,30,557,81,2021-02-26,1,22,5,55,1,0,0,0,0,0,1,luisaagpo,2021-05-13 17:26:18,
185,26,30,8112,26,30,557,81,2021-02-26,1,22,23,9,9,0,0,0,0,0,1,luisaagpo,2021-05-13 17:29:20,
186,26,30,8112,26,30,557,78,2021-02-26,1,22,43,0,0,0,0,0,0,0,1,luisaagpo,2021-05-13 17:36:32,
187,26,30,8112,26,30,557,52,2021-02-26,1,22,13,13,11,0,0,0,0,0,1,luisaagpo,2021-05-13 17:41:04,
188,26,30,8112,26,30,557,81,2021-03-01,1,22,24,13,7,0,0,0,0,0,1,luisaagpo,2021-05-13 17:46:56,
189,26,30,8112,26,30,557,76,2021-03-01,1,22,3,11,3,0,0,0,0,0,1,luisaagpo,2021-05-13 17:48:34,
190,26,30,8112,26,30,557,76,2021-03-01,1,22,3,11,3,0,0,0,0,0,1,luisaagpo,2021-05-13 17:52:01,
191,26,30,8112,26,30,557,50,2021-03-02,1,22,24,11,0,0,0,0,0,0,1,luisaagpo,2021-05-13 17:55:00,
192,26,30,8112,26,30,557,81,2021-03-11,1,22,6,79,6,0,0,0,0,0,1,luisaagpo,2021-05-13 18:00:26,
193,26,30,8112,26,30,557,78,2021-03-11,1,22,5,20,0,0,0,0,0,0,1,luisaagpo,2021-05-13 18:05:44,
194,26,30,8112,26,30,557,81,2021-03-11,1,22,24,31,18,0,0,0,0,0,1,luisaagpo,2021-05-13 18:09:11,
195,26,30,8112,26,30,557,80,2021-03-12,1,22,7,43,3,0,0,0,0,0,1,luisaagpo,2021-05-13 18:12:27,
196,26,42,11195,26,30,557,80,2021-03-12,1,22,1,39,24,0,0,0,0,0,1,luisaagpo,2021-05-13 18:20:26,
197,26,30,8112,26,30,557,78,2021-03-13,1,22,5,13,0,0,0,0,0,0,1,luisaagpo,2021-05-13 18:23:05,
198,26,30,8112,26,30,557,52,2021-03-16,1,22,24,14,0,0,0,0,0,0,1,luisaagpo,2021-05-13 18:26:59,
199,26,30,8112,26,30,557,81,2021-03-16,1,22,35,13,87,0,0,0,0,0,1,luisaagpo,2021-05-13 18:29:33,
200,26,30,8112,26,30,557,78,2021-03-16,1,22,35,21,6,0,0,0,0,0,1,luisaagpo,2021-05-13 18:31:35,
201,26,47,12166,26,17,576,83,2021-02-08,1,22,2,1,10,0,0,0,0,0,1,luisaagpo,2021-05-13 18:33:45,
202,26,47,12166,26,30,557,84,2021-03-16,1,22,23,1,7,0,0,0,0,0,1,luisaagpo,2021-05-13 18:36:31,
203,26,30,8112,26,30,557,78,2021-03-17,1,22,6,10,4,0,0,0,0,0,1,luisaagpo,2021-05-13 18:39:19,
204,26,30,8112,26,30,557,78,2021-02-10,1,22,35,22,23,0,0,0,0,0,1,luisaagpo,2021-05-13 18:40:31,
205,26,30,8112,26,30,557,81,2021-03-17,1,22,7,28,84,0,0,0,0,0,1,luisaagpo,2021-05-13 18:48:11,
206,26,30,8112,26,30,557,78,2021-02-10,1,22,32,0,0,0,0,0,0,0,1,luisaagpo,2021-05-13 18:48:42,
207,26,30,8112,26,30,557,80,2021-03-17,1,22,24,19,12,0,0,0,0,0,1,luisaagpo,2021-05-13 18:51:14,
208,26,30,8112,26,30,557,76,2021-03-18,1,22,13,11,2,0,0,0,0,0,1,luisaagpo,2021-05-13 18:53:56,
209,26,30,8112,26,30,557,81,2021-02-10,1,22,32,0,0,0,0,0,0,0,1,luisaagpo,2021-05-13 18:54:41,
210,26,30,8112,26,30,557,81,2021-03-18,1,22,9,47,8,0,0,0,0,0,1,luisaagpo,2021-05-13 18:56:32,
211,26,30,8112,26,30,557,78,2021-03-19,1,22,5,10,2,1,0,0,0,0,1,luisaagpo,2021-05-13 18:59:49,
212,26,30,8112,26,30,557,81,2021-03-19,1,22,23,14,0,0,0,0,0,0,1,luisaagpo,2021-05-13 19:01:56,
213,26,47,12166,26,30,557,84,2021-03-22,1,22,23,2,5,0,0,0,0,0,1,luisaagpo,2021-05-13 19:04:34,
214,26,36,9988,26,30,557,35,2021-03-25,1,22,6,17,7,0,0,0,0,0,1,luisaagpo,2021-05-13 19:07:41,
215,26,36,9988,26,30,557,35,2021-03-25,1,22,6,10,0,0,0,0,0,0,1,luisaagpo,2021-05-13 19:10:00,
216,26,30,8112,26,30,557,80,2021-03-26,1,22,22,30,7,0,0,0,0,0,1,luisaagpo,2021-05-13 19:12:05,
217,26,30,8112,26,30,557,81,2021-03-26,1,22,24,45,2,0,0,0,0,0,1,luisaagpo,2021-05-13 19:14:20,
218,26,30,8112,26,30,557,43,2021-03-26,1,22,2,26,17,0,0,0,0,0,1,luisaagpo,2021-05-13 19:17:24,
219,26,30,8112,26,30,557,78,2021-03-26,1,22,21,16,5,0,0,0,0,0,1,luisaagpo,2021-05-13 19:19:45,
220,26,30,8112,26,30,557,81,2021-03-29,1,22,22,44,7,0,0,0,0,0,1,luisaagpo,2021-05-13 19:22:08,
221,26,36,9988,26,36,584,35,2021-02-11,1,22,14,16,2,0,0,0,0,0,1,luisaagpo,2021-05-13 19:23:32,
222,26,30,8112,26,30,557,80,2021-02-12,1,22,14,56,10,0,0,0,0,0,1,luisaagpo,2021-05-13 19:29:59,
223,26,30,8112,26,30,557,78,2021-03-29,1,22,6,6,2,0,0,0,0,0,1,luisaagpo,2021-05-13 19:30:08,
224,26,43,19234,26,43,565,50,2021-03-30,1,22,24,11,0,0,0,0,0,0,1,luisaagpo,2021-05-13 19:37:55,
225,26,30,8112,26,30,557,81,2021-03-30,1,22,24,21,14,0,0,0,0,0,1,luisaagpo,2021-05-13 19:39:50,
226,26,30,8112,26,30,557,81,2021-02-12,1,22,16,16,3,0,0,0,0,0,1,luisaagpo,2021-05-13 19:39:53,
227,26,30,8112,26,30,557,81,2021-03-30,1,22,24,16,8,0,0,0,0,0,1,luisaagpo,2021-05-13 19:42:46,
228,26,30,8112,26,30,557,78,2021-03-31,1,22,2,7,4,0,0,0,0,0,1,luisaagpo,2021-05-13 19:44:53,
229,26,30,8112,26,30,557,80,2021-01-29,1,22,28,9,2,0,0,0,0,0,1,luisaagpo,2021-05-13 19:47:32,
230,26,30,8112,26,30,557,78,2021-02-26,1,22,2,55,1,0,0,0,0,0,1,luisaagpo,2021-05-13 19:51:25,
231,26,30,8112,26,30,557,78,2021-03-17,1,22,21,11,6,0,0,0,0,0,1,luisaagpo,2021-05-13 19:53:37,
232,26,17,2584,26,30,557,81,2021-03-16,1,22,17,5,1,0,0,0,0,0,1,luisaagpo,2021-05-13 19:57:04,
233,26,30,8112,26,30,557,77,2021-01-13,1,22,2,26,4,0,0,0,0,0,1,luisaagpo,2021-05-13 19:59:35,
234,26,30,8112,26,30,557,78,2021-02-23,1,22,2,31,15,0,0,0,0,0,1,luisaagpo,2021-05-13 20:01:55,
235,26,30,8112,26,30,557,78,2021-03-05,1,22,2,23,19,0,0,0,0,0,1,luisaagpo,2021-05-13 20:05:42,
236,26,30,8112,26,30,557,81,2021-02-15,1,22,5,6,7,0,0,0,0,0,1,luisaagpo,2021-05-13 20:41:24,
237,26,30,8112,26,30,557,78,2021-02-15,1,22,2,5,1,0,0,0,0,0,1,luisaagpo,2021-05-13 20:47:24,
238,26,47,12166,26,17,576,84,2021-02-15,1,22,27,1,5,0,0,0,0,0,1,luisaagpo,2021-05-13 21:21:23,
239,26,30,8112,26,30,557,87,2021-02-15,1,22,32,0,0,0,0,0,0,0,1,luisaagpo,2021-05-13 21:33:37,
240,26,30,8112,26,30,557,81,2021-01-16,1,22,14,8,6,0,0,0,0,0,1,luisaagpo,2021-05-13 21:41:29,
241,26,30,8112,26,30,557,81,2021-02-16,1,22,12,210,102,0,0,0,0,0,1,luisaagpo,2021-05-13 21:49:08,
242,26,30,8112,26,30,557,76,2021-02-16,1,22,5,8,0,0,0,0,0,0,1,luisaagpo,2021-05-14 17:20:20,
243,26,30,8112,26,30,557,80,2021-02-16,1,22,12,6,1,0,0,0,0,0,1,luisaagpo,2021-05-14 17:22:18,
244,26,30,8112,26,30,557,81,2021-02-16,1,22,12,6,1,0,0,0,0,0,1,luisaagpo,2021-05-14 17:24:48,
245,26,30,8112,26,30,557,81,2021-02-16,1,22,28,0,0,0,0,0,0,0,1,luisaagpo,2021-05-14 17:37:11,
246,26,30,8112,26,30,557,76,2021-02-17,1,22,14,0,0,0,0,0,0,0,1,luisaagpo,2021-05-14 17:39:13,
247,26,30,8112,26,30,557,80,2021-02-17,1,22,43,38,28,0,0,0,0,0,1,luisaagpo,2021-05-14 17:43:36,
248,26,30,8112,26,30,557,81,2021-02-17,1,22,23,10,5,0,0,0,0,0,1,luisaagpo,2021-05-14 17:45:30,
249,26,30,8112,26,30,557,78,2021-02-17,1,22,2,10,5,0,0,0,0,0,1,luisaagpo,2021-05-14 17:47:38,
250,26,30,8112,26,30,557,78,2021-02-17,1,22,2,7,4,0,0,0,0,0,1,luisaagpo,2021-05-14 17:50:33,
251,26,30,8112,26,30,557,81,2021-02-17,1,22,15,10,1,0,0,0,0,0,1,luisaagpo,2021-05-14 17:53:12,
252,26,30,8112,26,30,557,1,2021-02-18,1,22,38,0,0,0,0,0,0,0,1,luisaagpo,2021-05-14 17:55:31,
253,26,30,8112,26,30,557,78,2021-02-18,1,22,35,18,8,0,0,0,0,0,1,luisaagpo,2021-05-14 17:58:02,
254,26,30,8112,26,30,557,81,2021-02-18,1,22,9,13,1,0,0,0,0,0,1,luisaagpo,2021-05-14 18:00:02,
255,26,30,8112,26,30,557,81,2021-02-18,1,22,6,11,1,0,0,0,0,0,1,luisaagpo,2021-05-14 18:03:01,
256,26,30,8112,26,30,557,81,2021-02-19,1,22,23,0,0,0,0,0,0,0,1,luisaagpo,2021-05-14 18:05:55,
257,26,30,8112,26,30,557,81,2021-02-19,1,22,28,12,1,0,0,0,0,0,1,luisaagpo,2021-05-14 18:09:12,
258,26,30,8112,26,30,557,80,2021-02-20,1,22,38,205,38,0,0,0,0,0,1,luisaagpo,2021-05-14 18:13:34,
259,26,30,8112,26,30,557,78,2021-02-22,1,22,5,5,4,0,0,0,0,0,1,luisaagpo,2021-05-14 18:17:16,
260,26,30,8112,26,30,557,81,2021-02-22,1,22,6,9,2,0,0,0,0,0,1,luisaagpo,2021-05-14 18:21:27,
261,26,30,8112,26,30,557,81,2021-02-22,1,22,23,13,1,0,0,0,0,0,1,luisaagpo,2021-05-14 18:23:35,
262,26,30,8112,26,30,557,81,2021-02-23,1,22,11,13,3,0,0,0,0,0,1,luisaagpo,2021-05-14 18:26:00,
263,26,30,8112,26,30,557,84,2021-02-23,1,22,27,2,6,0,0,0,0,0,1,luisaagpo,2021-05-14 18:27:58,
264,26,30,8112,26,30,557,81,2021-02-23,1,22,6,198,42,0,0,0,0,0,1,luisaagpo,2021-05-14 18:30:45,
265,26,30,8112,26,30,557,81,2021-03-02,1,22,11,6,0,0,0,0,0,0,1,luisaagpo,2021-05-14 18:34:28,
266,26,30,8112,26,30,557,81,2021-03-02,1,22,32,56,3,0,0,0,0,0,1,luisaagpo,2021-05-14 18:37:51,
267,26,30,8112,26,30,557,80,2021-03-02,1,22,17,0,0,0,0,0,0,0,1,luisaagpo,2021-05-14 18:40:06,
268,26,30,8112,26,30,557,78,2021-03-04,1,22,5,0,0,0,0,0,0,0,1,luisaagpo,2021-05-14 18:41:54,
269,26,30,8112,26,30,557,81,2021-03-04,1,22,6,19,43,0,0,0,0,0,1,luisaagpo,2021-05-14 18:44:15,
270,26,30,8112,26,30,557,80,2021-03-04,1,22,28,0,0,0,0,0,0,0,1,luisaagpo,2021-05-14 18:46:22,
271,26,30,8112,26,30,557,1,2021-03-04,1,22,28,0,0,0,0,0,0,0,1,luisaagpo,2021-05-14 18:49:24,
272,26,30,8112,26,30,557,66,2021-03-05,1,22,13,34,20,0,0,0,0,0,1,luisaagpo,2021-05-14 18:52:31,
273,26,30,8112,26,30,557,81,2021-03-05,1,22,5,39,12,0,0,0,0,0,1,luisaagpo,2021-05-14 18:55:28,
274,26,30,8112,26,30,557,78,2021-03-05,1,22,5,48,3,0,0,0,0,0,1,luisaagpo,2021-05-14 18:58:53,
275,26,30,8112,26,30,557,78,2021-03-07,1,22,40,0,0,0,0,0,0,0,1,luisaagpo,2021-05-14 19:02:14,
276,26,30,8112,26,30,557,52,2021-03-08,1,22,21,14,0,0,0,0,0,0,1,luisaagpo,2021-05-14 19:05:19,
277,26,30,8112,26,30,557,81,2021-03-08,1,22,5,35,21,0,0,0,0,0,1,luisaagpo,2021-05-14 19:11:13,
278,26,30,8112,26,30,557,81,2021-03-08,1,22,11,41,2,0,0,0,0,0,1,luisaagpo,2021-05-14 19:13:32,
279,26,42,11195,26,30,557,122,2021-03-08,1,21,24,14,0,0,0,0,0,0,1,luisaagpo,2021-05-14 19:15:48,
280,26,30,8112,26,30,557,80,2021-03-08,1,22,42,13,27,0,0,0,0,0,1,luisaagpo,2021-05-14 19:18:53,
281,26,36,9988,26,30,557,35,2021-03-08,1,22,21,34,0,0,0,0,0,0,1,luisaagpo,2021-05-14 19:21:40,
282,26,36,9988,26,30,557,35,2021-03-08,1,22,21,266,0,0,0,0,0,0,1,luisaagpo,2021-05-14 19:24:05,
283,26,36,9988,26,30,557,35,2021-03-08,1,22,21,266,0,0,0,0,0,0,1,luisaagpo,2021-05-14 19:33:08,
284,26,36,9988,26,30,557,35,2021-03-08,1,22,21,266,0,0,0,0,0,0,1,luisaagpo,2021-05-14 19:34:55,
285,26,18,19315,26,30,557,42,2021-03-08,1,22,11,47,0,0,0,0,0,0,1,luisaagpo,2021-05-14 19:38:24,
286,26,30,8112,26,30,557,78,2021-03-08,1,22,21,16,9,0,0,0,0,0,1,luisaagpo,2021-05-14 19:39:50,
287,26,30,8112,26,30,557,1,2021-03-08,1,22,24,0,0,0,0,0,0,0,1,luisaagpo,2021-05-14 19:45:39,
288,26,43,19234,26,30,557,52,2021-03-09,1,22,6,11,0,0,0,0,0,0,1,luisaagpo,2021-05-14 19:47:48,
289,26,30,8112,26,30,557,78,2021-03-09,1,22,5,30,6,0,0,0,0,0,1,luisaagpo,2021-05-14 19:58:28,
290,26,30,8112,26,30,557,81,2021-03-09,1,22,14,386,66,0,0,0,0,0,1,luisaagpo,2021-05-14 20:04:23,
291,26,30,8112,26,30,557,81,2021-03-09,1,22,2,22,27,0,0,0,0,0,1,luisaagpo,2021-05-14 20:06:21,
292,26,30,8112,26,30,557,1,2021-03-09,1,22,11,18,5,0,0,0,0,0,1,luisaagpo,2021-05-14 20:08:50,
293,26,30,8112,26,30,557,81,2021-03-10,1,22,24,38,10,0,0,0,0,0,1,luisaagpo,2021-05-14 20:10:00,
294,26,30,8112,26,30,557,76,2021-03-10,1,22,30,3,3,0,0,0,0,0,1,luisaagpo,2021-05-14 20:12:29,
295,26,30,8112,26,30,557,80,2021-03-10,1,22,28,38,3,0,0,0,0,0,1,luisaagpo,2021-05-14 20:14:29,
296,26,30,8112,26,30,557,78,2021-03-10,1,22,21,45,7,0,0,0,0,0,1,luisaagpo,2021-05-14 20:19:13,
297,26,30,8112,26,30,557,78,2021-03-10,1,22,30,3,3,0,0,0,0,0,1,luisaagpo,2021-05-14 20:21:01,
298,26,18,19315,26,30,557,42,2021-03-10,1,22,17,184,89,0,0,0,0,0,1,luisaagpo,2021-05-14 20:23:54,
299,26,17,2584,26,30,557,78,2021-03-10,1,22,6,31,26,0,0,0,0,0,1,luisaagpo,2021-05-14 20:26:45,
300,26,30,8112,26,30,557,81,2021-03-22,1,22,9,124,25,0,0,0,0,0,1,luisaagpo,2021-05-14 20:28:40,
301,26,23,5828,26,30,557,81,2021-03-23,1,22,21,14,3,0,0,0,0,0,1,luisaagpo,2021-05-14 20:30:28,
302,26,30,8112,26,30,557,78,2021-03-23,1,22,35,26,6,0,0,0,0,0,1,luisaagpo,2021-05-14 20:32:24,
303,26,30,8112,26,30,557,81,2021-03-23,1,22,11,20,5,0,0,0,0,0,1,luisaagpo,2021-05-14 20:34:01,
304,26,30,8112,26,30,557,78,2021-03-23,1,22,2,97,62,0,0,0,0,0,1,luisaagpo,2021-05-14 20:35:38,
305,26,43,19234,26,30,557,52,2021-03-24,1,22,24,18,8,0,0,0,0,0,1,luisaagpo,2021-05-14 20:37:35,
306,26,30,8112,26,30,557,76,2021-03-24,1,22,30,13,3,0,0,0,0,0,1,luisaagpo,2021-05-14 20:39:28,
307,26,30,8112,26,30,557,78,2021-03-24,1,22,35,29,16,0,0,0,0,0,1,luisaagpo,2021-05-14 20:41:14,
308,26,30,8112,26,30,557,81,2021-03-24,1,22,11,8,4,0,0,0,0,0,1,luisaagpo,2021-05-14 20:42:51,
309,26,30,8112,26,30,557,81,2021-03-25,1,22,9,21,11,0,0,0,0,0,1,luisaagpo,2021-05-14 20:44:51,
310,26,30,8112,26,30,557,76,2021-03-25,1,22,30,13,3,0,0,0,0,0,1,luisaagpo,2021-05-14 20:46:38,
311,26,47,12166,26,17,576,83,2021-02-08,1,22,34,1,9,0,0,0,0,0,1,luisaagpo,2021-05-18 22:18:38,
312,26,30,8112,26,30,557,78,2021-02-11,1,22,38,13,4,0,0,0,0,0,1,luisaagpo,2021-05-18 22:22:03,
313,26,36,9988,26,36,584,35,2021-02-11,1,22,14,15,2,0,0,0,0,0,1,luisaagpo,2021-05-18 22:27:13,
314,26,47,12166,26,17,576,84,2021-02-15,1,22,27,1,5,0,0,0,0,0,1,luisaagpo,2021-05-18 22:30:27,
315,26,30,8112,26,30,557,87,2021-02-15,1,22,43,0,0,0,0,0,0,0,1,luisaagpo,2021-05-18 22:34:13,
316,26,30,8112,26,30,557,66,2021-02-16,1,22,14,8,6,0,0,0,0,0,1,luisaagpo,2021-05-18 22:38:06,
317,26,43,19234,26,43,565,52,2021-02-23,1,22,21,17,12,0,0,0,0,0,1,luisaagpo,2021-05-18 22:40:38,
318,26,30,8112,26,30,557,82,2021-03-01,1,22,31,13,7,0,0,0,0,0,1,luisaagpo,2021-05-18 22:44:22,
319,26,30,8112,26,30,557,76,2021-05-18,1,22,3,11,3,0,0,0,0,0,1,luisaagpo,2021-05-18 22:49:18,
320,26,43,19234,26,43,565,50,2021-03-02,1,22,14,11,0,0,0,0,0,0,1,luisaagpo,2021-05-18 22:55:24,
321,26,42,11195,26,42,572,122,2021-03-08,1,21,21,14,0,0,0,0,0,0,1,luisaagpo,2021-05-18 23:01:04,
322,26,42,11195,26,42,572,122,2021-03-08,1,21,21,14,0,0,0,0,0,0,1,luisaagpo,2021-05-18 23:03:30,
323,26,30,8112,26,30,557,80,2021-03-08,1,22,3,13,27,0,0,0,0,0,1,luisaagpo,2021-05-18 23:08:29,
324,26,36,9988,26,17,576,83,2021-03-08,1,22,21,34,0,0,0,0,0,0,1,luisaagpo,2021-05-18 23:12:35,
325,26,29,19236,26,29,567,63,2021-01-14,1,22,4,16,8,0,0,0,0,0,1,luisaagpo,2021-05-19 17:50:36,
326,26,29,19236,26,29,567,63,2021-01-14,1,22,29,16,8,0,0,0,0,0,1,luisaagpo,2021-05-19 17:53:16,
327,26,29,19236,26,29,567,63,2021-01-14,1,22,29,16,8,0,0,0,0,0,1,luisaagpo,2021-05-19 17:56:47,
328,26,29,19236,26,29,567,63,2021-01-17,1,22,29,8,12,0,0,0,0,0,1,luisaagpo,2021-05-19 17:58:51,
329,26,29,19236,26,29,567,63,2020-01-17,1,22,15,9,13,0,0,0,0,0,1,luisaagpo,2021-05-19 18:02:03,
330,26,29,19236,26,29,567,63,2020-01-14,1,22,4,16,8,0,0,0,0,0,1,luisaagpo,2021-05-19 18:03:54,
331,26,29,19236,26,29,567,63,2020-01-14,1,22,29,16,8,0,0,0,0,0,1,luisaagpo,2021-05-19 18:05:37,
332,26,29,19236,26,29,567,63,2020-01-17,1,22,29,8,12,0,0,0,0,0,1,luisaagpo,2021-05-19 18:07:14,
333,26,29,19236,26,29,567,63,2020-01-17,1,22,25,17,10,0,0,0,0,0,1,luisaagpo,2021-05-19 18:10:42,
334,26,29,19236,26,29,567,63,2020-01-17,1,22,29,9,12,0,0,0,0,0,1,luisaagpo,2021-05-19 18:12:39,
335,26,29,19236,26,29,567,63,2020-01-17,1,22,4,9,12,0,0,0,0,0,1,luisaagpo,2021-05-19 18:14:31,
336,26,29,19236,26,29,567,63,2020-01-17,1,22,4,9,13,0,0,0,0,0,1,luisaagpo,2021-05-19 18:16:24,
337,26,29,19236,26,29,567,62,2020-01-22,1,22,19,26,14,0,0,0,0,0,1,luisaagpo,2021-05-19 18:18:25,
338,26,29,19236,26,29,567,63,2020-01-22,1,22,5,30,10,0,0,0,0,0,1,luisaagpo,2021-05-19 18:22:12,
339,26,29,19236,26,29,567,63,2020-01-24,1,22,24,11,11,0,0,0,0,0,1,luisaagpo,2021-05-19 18:24:22,
340,26,29,19236,26,29,567,63,2020-01-24,1,22,23,11,11,0,0,0,0,0,1,luisaagpo,2021-05-19 18:26:37,
341,26,29,19236,26,29,567,63,2020-01-24,1,22,23,17,9,0,0,0,0,0,1,luisaagpo,2021-05-19 18:30:23,
342,26,29,19236,26,29,567,63,2020-01-24,1,22,24,15,9,0,0,0,0,0,1,luisaagpo,2021-05-19 18:33:56,
343,26,25,6110,26,29,567,63,2021-05-19,1,22,5,39,46,0,0,0,0,0,1,luisaagpo,2021-05-19 18:54:25,
344,26,29,19236,26,29,567,62,2020-03-06,1,22,5,24,11,0,0,0,0,0,1,luisaagpo,2021-05-19 18:56:24,
345,26,29,19236,26,29,567,62,2020-03-06,1,22,11,1,25,0,0,0,0,0,1,luisaagpo,2021-05-19 18:59:24,
346,26,29,19236,26,29,567,63,2020-03-06,1,22,5,6,1,0,0,0,0,0,1,luisaagpo,2021-05-19 19:01:35,
347,26,29,19236,26,29,567,63,2020-03-10,1,22,5,18,35,0,0,0,0,0,1,luisaagpo,2021-05-19 19:04:15,
348,26,29,19236,26,29,567,63,2020-03-10,1,22,5,44,57,0,0,0,0,0,1,luisaagpo,2021-05-19 19:07:12,
349,26,29,19236,26,29,567,63,2020-03-11,1,22,23,18,34,0,0,0,0,0,1,luisaagpo,2021-05-19 19:09:18,
350,26,29,19236,26,29,567,63,2020-03-11,1,22,23,44,57,0,0,0,0,0,1,luisaagpo,2021-05-19 19:11:53,
351,26,29,19236,26,29,567,63,2020-03-12,1,22,24,18,34,0,0,0,0,0,1,luisaagpo,2021-05-19 19:14:48,
352,26,30,8112,26,30,557,81,2020-01-16,1,22,2,52,0,0,0,0,0,0,1,luisaagpo,2021-05-19 19:17:14,
353,26,36,9988,26,36,584,35,2021-03-08,1,22,5,266,0,0,0,0,0,0,1,luisaagpo,2021-05-19 19:18:43,
354,26,30,8112,26,30,557,77,2020-01-23,1,22,17,4,0,0,0,0,0,0,1,luisaagpo,2021-05-19 19:19:57,
355,26,36,9988,26,36,584,35,2021-03-08,1,22,5,266,0,0,0,0,0,0,1,luisaagpo,2021-05-19 19:20:58,
356,26,30,8112,26,30,557,78,2020-03-30,1,22,17,2,0,0,0,0,0,0,1,luisaagpo,2021-05-19 19:21:59,
357,26,36,9988,26,36,584,35,2021-03-08,1,22,5,266,0,0,0,0,0,0,1,luisaagpo,2021-05-19 19:23:00,
358,26,18,19315,26,30,557,36,2020-01-15,1,22,28,9,3,0,0,0,0,0,1,luisaagpo,2021-05-19 19:25:58,
359,26,30,8112,26,30,557,78,2020-01-17,1,22,2,30,11,0,0,0,0,0,1,luisaagpo,2021-05-19 19:27:49,
360,26,30,8112,26,30,557,78,2020-02-19,1,22,2,15,14,0,0,0,0,0,1,luisaagpo,2021-05-19 19:29:40,
361,26,30,8112,26,30,557,78,2020-03-03,1,22,34,15,13,0,0,0,0,0,1,luisaagpo,2021-05-19 19:32:25,
362,26,18,3645,26,18,568,49,2021-03-08,1,22,11,47,0,0,0,0,0,0,1,luisaagpo,2021-05-19 19:44:49,
363,26,30,8112,26,30,557,78,2021-03-08,1,22,21,16,9,0,0,0,0,0,1,luisaagpo,2021-05-19 19:48:37,
364,26,43,19234,26,43,565,52,2021-03-09,1,22,1,11,0,0,0,0,0,0,1,luisaagpo,2021-05-19 19:51:07,
365,26,42,11195,26,42,572,72,2021-03-12,1,22,3,39,24,0,0,0,0,0,1,luisaagpo,2021-05-19 19:55:09,
366,26,47,12166,26,17,576,84,2021-03-16,1,22,23,1,7,0,0,0,0,0,1,luisaagpo,2021-05-19 19:57:38,
367,26,43,19234,26,43,565,52,2021-03-24,1,22,13,18,8,0,0,0,0,0,1,luisaagpo,2021-05-19 20:00:25,
368,26,36,9988,26,36,584,35,2021-03-25,1,22,6,17,7,0,0,0,0,0,1,luisaagpo,2021-05-19 20:03:03,
369,26,36,9988,26,36,584,35,2021-03-25,1,22,6,10,0,0,0,0,0,0,1,luisaagpo,2021-05-19 20:04:52,
370,26,43,19234,26,43,565,50,2021-03-30,1,22,16,11,0,0,0,0,0,0,1,luisaagpo,2021-05-19 20:08:22,
371,26,30,8112,26,30,557,1,2020-04-23,1,22,40,0,0,0,0,0,0,0,1,luisaagpo,2021-05-21 19:32:46,
372,26,30,8112,26,30,557,82,2020-04-06,1,22,2,27,2,0,0,0,0,0,1,luisaagpo,2021-05-21 19:36:59,
373,26,30,8112,26,30,557,82,2020-04-08,1,22,2,25,2,0,0,0,0,0,1,luisaagpo,2021-05-21 19:39:20,
374,26,30,8112,26,30,557,82,2020-04-09,1,22,2,21,2,0,0,0,0,0,1,luisaagpo,2021-05-21 19:41:09,
375,26,30,8112,26,30,557,82,2020-04-13,1,22,2,19,0,0,0,0,0,0,1,luisaagpo,2021-05-21 19:42:55,
376,26,30,8112,26,30,557,82,2020-04-17,1,22,2,19,0,0,0,0,0,0,1,luisaagpo,2021-05-21 19:44:47,
377,26,30,8112,26,30,557,82,2020-04-20,1,22,2,18,1,0,0,0,0,0,1,luisaagpo,2021-05-21 19:46:29,
378,26,30,8112,26,30,557,82,2020-04-22,1,22,2,20,2,0,0,0,0,0,1,luisaagpo,2021-05-21 19:47:58,
379,26,30,8112,26,30,557,82,2020-04-24,1,22,2,21,2,0,0,0,0,0,1,luisaagpo,2021-05-21 19:49:27,
380,26,30,8112,26,30,557,82,2020-04-08,1,22,34,0,0,0,0,0,0,0,1,luisaagpo,2021-05-21 19:55:22,
381,26,30,8112,26,30,557,78,2020-05-08,1,22,35,16,12,0,0,0,0,0,1,luisaagpo,2021-05-21 19:57:54,
382,26,30,8112,26,30,557,1,2020-05-15,1,22,28,0,0,0,0,0,0,0,1,luisaagpo,2021-05-21 20:00:00,
383,26,30,8112,26,30,557,82,2020-05-15,1,22,6,0,0,0,0,0,0,0,1,luisaagpo,2021-05-21 20:03:07,
384,26,30,8112,26,30,557,82,2020-05-15,1,22,34,0,0,0,0,0,0,0,1,luisaagpo,2021-05-21 20:04:51,
385,26,30,8112,26,30,557,78,2020-05-15,1,22,5,15,12,0,0,0,0,0,1,luisaagpo,2021-05-21 20:25:14,
386,26,30,8112,26,30,557,76,2020-05-20,1,21,27,0,0,0,0,0,0,0,1,luisaagpo,2021-05-21 20:29:19,
387,26,30,8112,26,30,557,1,2020-05-21,1,22,7,0,0,0,0,0,0,0,1,luisaagpo,2021-05-21 20:31:12,
388,26,30,8112,26,30,557,82,2020-05-21,1,22,5,0,0,0,0,0,0,0,1,luisaagpo,2021-05-21 20:34:44,
389,26,30,8112,26,30,557,82,2020-05-21,1,21,13,0,0,0,0,0,0,0,1,luisaagpo,2021-05-21 20:37:01,
390,26,30,8112,26,30,557,1,2020-05-22,1,22,6,0,0,0,0,0,0,0,1,luisaagpo,2021-05-21 20:39:34,
391,26,30,8112,26,30,557,82,2020-05-22,1,22,7,0,0,0,0,0,0,0,1,luisaagpo,2021-05-21 20:42:01,
392,26,30,8112,26,30,557,82,2020-05-22,1,21,3,0,0,0,0,0,0,0,1,luisaagpo,2021-05-21 20:45:15,
393,26,30,8112,26,30,557,82,2020-05-25,1,21,28,0,0,0,0,0,0,0,1,luisaagpo,2021-05-21 20:47:41,
394,26,30,8112,26,30,557,82,2020-05-26,1,21,31,0,0,0,0,0,0,0,1,luisaagpo,2021-05-21 20:51:45,
395,26,30,8112,26,30,557,78,2020-05-27,1,22,10,28,19,0,0,0,0,0,1,luisaagpo,2021-05-23 04:36:34,
396,26,30,8112,26,30,557,78,2020-05-28,1,22,10,23,17,0,0,0,0,0,1,luisaagpo,2021-05-23 04:39:10,
397,26,30,8112,26,30,557,78,2020-05-29,1,22,10,41,14,0,0,0,0,0,1,luisaagpo,2021-05-23 04:41:20,
398,26,30,8112,26,30,557,90,2020-06-01,1,21,12,0,0,0,0,0,0,0,1,luisaagpo,2021-05-23 04:44:53,
399,26,30,8112,26,30,557,82,2020-06-02,1,21,38,0,0,0,0,0,0,0,1,luisaagpo,2021-05-23 04:47:56,
400,26,30,8112,26,30,557,1,2020-06-03,1,22,11,0,0,0,0,0,0,0,1,luisaagpo,2021-05-23 04:51:04,
401,26,30,8112,26,30,557,82,2020-06-03,1,22,33,8,1,0,0,0,0,0,1,luisaagpo,2021-05-23 04:53:47,
402,26,30,8112,26,30,557,89,2020-06-03,1,21,37,0,0,0,0,0,0,0,1,luisaagpo,2021-05-23 04:55:56,
403,26,30,8112,26,30,557,82,2020-06-04,1,21,38,0,0,0,0,0,0,0,1,luisaagpo,2021-05-23 04:59:04,
404,26,30,8112,26,30,557,82,2020-06-05,1,21,6,0,0,0,0,0,0,0,1,luisaagpo,2021-05-23 05:00:59,
405,26,30,8112,26,30,557,81,2020-06-05,1,22,9,8,4,0,0,0,0,0,1,luisaagpo,2021-05-23 05:03:23,
406,26,30,8112,26,30,557,81,2020-06-08,1,22,9,65,8,0,0,0,0,0,1,luisaagpo,2021-05-23 05:05:32,
407,26,30,8112,26,30,557,82,2020-06-09,1,22,43,20,2,0,0,0,0,0,1,luisaagpo,2021-05-23 05:08:11,
408,26,30,8112,26,30,557,80,2020-06-10,1,22,9,0,0,0,0,0,0,0,1,luisaagpo,2021-05-23 05:09:54,
409,26,30,8112,26,30,557,78,2020-06-15,1,22,21,14,4,0,0,0,0,0,1,luisaagpo,2021-05-23 05:11:59,
410,26,30,8112,26,30,557,78,2020-06-24,1,22,28,27,0,0,0,0,0,0,1,luisaagpo,2021-05-23 05:14:36,
411,26,30,8112,26,30,557,78,2020-06-25,1,8,2,14,2,0,0,0,0,0,1,luisaagpo,2021-05-23 05:17:09,
412,26,30,8112,26,30,557,78,2020-06-26,1,8,35,14,2,0,0,0,0,0,1,luisaagpo,2021-05-23 05:21:20,
413,26,30,8112,26,30,557,78,2020-05-20,1,22,2,7,2,0,0,0,0,0,1,luisaagpo,2021-05-23 05:23:55,
414,26,30,8112,26,30,557,78,2020-06-02,1,22,2,98,14,0,0,0,0,0,1,luisaagpo,2021-05-23 05:26:14,
415,26,30,8112,26,30,557,78,2020-06-24,1,22,2,8,15,0,0,0,0,0,1,luisaagpo,2021-05-23 05:28:37,
416,26,30,8112,26,30,557,80,2020-05-26,1,22,34,32,1,0,0,0,0,0,1,luisaagpo,2021-05-23 05:31:07,
417,26,30,8112,26,30,557,78,2020-06-08,1,22,43,5,1,0,0,0,0,0,1,luisaagpo,2021-05-23 05:33:14,
418,26,30,8112,26,30,557,78,2020-06-11,1,22,43,3,0,0,0,0,0,0,1,luisaagpo,2021-05-23 05:35:30,
419,26,30,8112,26,30,557,1,2020-05-08,1,22,43,0,0,0,0,0,0,0,1,luisaagpo,2021-05-23 05:37:44,
420,26,30,8112,26,30,557,78,2020-07-10,1,22,5,7,0,0,0,0,0,0,1,luisaagpo,2021-05-26 02:46:30,
421,26,30,8112,26,30,557,78,2020-07-14,1,22,5,7,18,0,0,0,0,0,1,luisaagpo,2021-05-26 02:49:09,
422,26,30,8112,26,30,557,78,2020-07-16,1,22,10,12,8,0,0,0,0,0,1,luisaagpo,2021-05-26 02:51:18,
423,26,30,8112,26,30,557,78,2020-07-20,1,21,10,130,2,0,0,0,0,0,1,luisaagpo,2021-05-26 02:53:29,
424,26,30,8112,26,30,557,78,2020-07-21,1,22,10,3,2,0,0,0,0,0,1,luisaagpo,2021-05-26 02:55:51,
425,26,30,8112,26,30,557,78,2020-07-22,1,22,10,18,9,0,0,0,0,0,1,luisaagpo,2021-05-26 02:57:50,
426,26,30,8112,26,30,557,82,2020-07-22,1,21,10,183,13,0,0,0,0,0,1,luisaagpo,2021-05-26 03:01:29,
427,26,30,8112,26,30,557,78,2020-07-23,1,22,34,3,2,0,0,0,0,0,1,luisaagpo,2021-05-31 19:11:58,
428,26,30,8112,26,30,557,80,2020-07-24,1,21,23,167,13,0,0,0,0,0,1,luisaagpo,2021-05-31 19:21:07,
429,26,30,8112,26,30,557,77,2020-07-27,1,21,34,137,9,0,0,0,0,0,1,luisaagpo,2021-05-31 19:25:56,
430,26,30,8112,26,30,557,78,2020-07-28,1,22,5,3,2,0,0,0,0,0,1,luisaagpo,2021-05-31 19:29:01,
431,26,30,8112,26,30,557,82,2020-07-28,1,21,38,130,9,0,0,0,0,0,1,luisaagpo,2021-05-31 19:34:49,
432,26,30,8112,26,30,557,78,2020-07-29,1,22,5,45,20,0,0,0,0,0,1,luisaagpo,2021-05-31 19:39:07,
433,26,30,8112,26,30,557,82,2020-07-30,1,21,22,145,7,0,0,0,0,0,1,luisaagpo,2021-05-31 19:41:52,
434,26,30,8112,26,30,557,78,2020-08-03,1,22,35,39,22,0,0,0,0,0,1,luisaagpo,2021-05-31 19:44:13,
435,26,30,8112,26,30,557,78,2020-08-03,1,22,21,37,10,0,0,0,0,0,1,luisaagpo,2021-05-31 19:46:40,
436,26,30,8112,26,30,557,78,2020-08-04,1,22,16,3,2,0,0,0,0,0,1,luisaagpo,2021-05-31 19:49:28,
437,26,30,8112,26,30,557,78,2020-08-11,1,22,21,33,24,0,0,0,0,0,1,luisaagpo,2021-05-31 19:51:56,
438,26,30,8112,26,30,557,78,2020-08-14,1,22,21,32,17,0,0,0,0,0,1,luisaagpo,2021-05-31 19:54:05,
439,26,30,8112,26,30,557,78,2020-08-17,1,22,10,27,10,0,0,0,0,0,1,luisaagpo,2021-05-31 19:56:23,
440,26,30,8112,26,30,557,49,2020-08-18,1,22,34,24,6,0,0,0,0,0,1,luisaagpo,2021-05-31 19:59:43,
441,26,30,8112,26,30,557,49,2020-08-20,1,22,34,34,22,0,0,0,0,0,1,luisaagpo,2021-05-31 20:01:51,
442,26,30,8112,26,30,557,82,2020-08-21,1,21,28,95,3,0,0,0,0,0,1,luisaagpo,2021-05-31 20:04:51,
443,26,30,8112,26,30,557,82,2020-08-24,1,21,23,127,3,0,0,0,0,0,1,luisaagpo,2021-05-31 20:07:26,
444,26,30,8112,26,30,557,78,2020-08-25,1,22,24,48,2,0,0,0,0,0,1,luisaagpo,2021-05-31 20:10:48,
445,26,30,8112,26,30,557,77,2020-08-27,1,22,34,20,1,0,0,0,0,0,1,luisaagpo,2021-05-31 20:13:23,
446,26,30,8112,26,30,557,78,2020-08-29,1,22,2,14,54,0,0,0,0,0,1,luisaagpo,2021-05-31 20:15:22,
447,26,30,8112,26,30,557,126,2020-08-31,1,21,25,130,2,0,0,0,0,0,1,luisaagpo,2021-05-31 20:17:33,
448,26,30,8112,26,30,557,78,2020-09-01,1,22,3,16,19,0,0,0,0,0,1,luisaagpo,2021-05-31 20:20:48,
449,26,30,8112,26,30,557,78,2020-09-02,1,22,2,17,2,0,0,0,0,0,1,luisaagpo,2021-05-31 20:22:51,
450,26,30,8112,26,30,557,78,2020-09-03,1,22,23,26,13,0,0,0,0,0,1,luisaagpo,2021-05-31 20:25:05,
451,26,30,8112,26,30,557,82,2020-09-03,1,21,17,117,2,0,0,0,0,0,1,luisaagpo,2021-05-31 20:27:25,
452,26,30,8112,26,30,557,82,2020-09-04,1,21,2,147,4,0,0,0,0,0,1,luisaagpo,2021-05-31 20:29:46,
453,26,30,8112,26,30,557,78,2020-09-04,1,22,6,39,0,0,0,0,0,0,1,luisaagpo,2021-05-31 20:32:25,
454,26,30,8112,26,30,557,1,2020-09-04,1,22,16,64,34,0,0,0,0,0,1,luisaagpo,2021-05-31 20:39:16,
455,26,30,8112,26,30,557,1,2020-09-04,1,22,16,13,5,0,0,0,0,0,1,luisaagpo,2021-05-31 20:41:23,
456,26,30,8112,26,30,557,82,2020-09-07,1,21,36,117,3,0,0,0,0,0,1,luisaagpo,2021-05-31 20:44:56,
457,26,30,8112,26,30,557,82,2020-09-09,1,8,4,107,3,0,0,0,0,0,1,luisaagpo,2021-05-31 20:48:00,
458,26,30,8112,26,30,557,78,2020-09-10,1,22,16,2,0,0,0,0,0,0,1,luisaagpo,2021-05-31 20:52:01,
459,26,30,8112,26,30,557,78,2020-09-10,1,22,35,20,1,0,0,0,0,0,1,luisaagpo,2021-05-31 20:54:47,
460,26,41,10743,26,30,557,49,2020-09-11,1,22,2,6,0,0,0,0,0,0,1,luisaagpo,2021-05-31 20:58:00,
461,26,30,8112,26,30,557,1,2020-09-11,1,22,16,44,40,0,0,0,0,0,1,luisaagpo,2021-05-31 21:00:21,
462,26,30,8112,26,30,557,82,2020-09-11,1,22,30,15,8,0,0,0,0,0,1,luisaagpo,2021-05-31 21:05:27,
463,26,30,8112,26,30,557,78,2020-09-17,1,22,16,36,10,0,0,0,0,0,1,luisaagpo,2021-06-01 00:11:26,
464,26,30,8112,26,30,557,1,2020-09-17,1,22,16,18,3,0,0,0,0,0,1,luisaagpo,2021-06-01 00:13:28,
465,26,30,8112,26,30,557,78,2020-09-18,1,22,28,19,3,0,0,0,0,0,1,luisaagpo,2021-06-01 00:15:18,
466,26,30,8112,26,30,557,78,2020-09-19,1,22,2,12,56,0,0,0,0,0,1,luisaagpo,2021-06-01 00:17:39,
467,26,30,8112,26,30,557,78,2020-09-19,1,22,16,63,17,0,0,0,0,0,1,luisaagpo,2021-06-01 15:56:54,
468,26,30,8112,26,30,557,78,2020-09-19,1,22,16,63,17,0,0,0,0,0,1,luisaagpo,2021-06-01 15:58:23,
469,26,30,8112,26,30,557,78,2020-09-19,1,22,16,63,17,0,0,0,0,0,1,luisaagpo,2021-06-01 16:00:52,
470,26,30,8112,26,30,557,78,2020-09-19,1,22,16,63,17,0,0,0,0,0,1,luisaagpo,2021-06-01 16:08:17,
471,26,30,8112,26,30,557,1,2020-09-21,1,22,3,7,6,0,0,0,0,0,1,luisaagpo,2021-06-01 16:14:36,
472,26,30,8112,26,30,557,78,2020-09-21,1,22,2,5,8,0,0,0,0,0,1,luisaagpo,2021-06-01 16:20:07,
473,26,43,19234,26,30,557,86,2020-09-22,1,22,39,16,0,0,0,0,0,0,1,luisaagpo,2021-06-01 16:23:26,
474,26,30,8112,26,30,557,78,2020-09-22,1,22,43,7,6,0,0,0,0,0,1,luisaagpo,2021-06-01 16:26:50,
475,26,30,8112,26,30,557,78,2020-09-22,1,21,35,8,1,0,0,0,0,0,1,luisaagpo,2021-06-01 16:29:01,
476,26,30,8112,26,30,557,78,2020-09-23,1,22,16,5,4,0,0,0,0,0,1,luisaagpo,2021-06-01 16:32:04,
477,26,30,8112,26,30,557,78,2020-09-23,1,22,35,101,25,0,0,0,0,0,1,luisaagpo,2021-06-01 16:34:09,
478,26,30,8112,26,30,557,80,2020-09-23,1,22,2,5,0,0,0,0,0,0,1,luisaagpo,2021-06-01 16:36:35,
479,26,30,8112,26,30,557,78,2020-09-24,1,22,16,7,6,0,0,0,0,0,1,luisaagpo,2021-06-01 16:38:54,
480,26,30,8112,26,30,557,78,2020-09-25,1,22,16,6,7,0,0,0,0,0,1,luisaagpo,2021-06-01 16:41:31,
481,26,30,8112,26,30,557,1,2020-09-29,1,22,2,64,48,0,0,0,0,0,1,luisaagpo,2021-06-01 16:44:25,
482,26,30,8112,26,30,557,81,2020-09-29,1,22,34,29,23,0,0,0,0,0,1,luisaagpo,2021-06-01 16:47:12,
483,26,30,8112,26,30,557,78,2020-09-30,1,22,16,17,7,0,0,0,0,0,1,luisaagpo,2021-06-01 16:49:57,
484,26,43,19234,26,30,565,50,2020-09-24,1,22,39,6,0,0,0,0,0,0,1,luisaagpo,2021-06-01 16:53:11,
485,26,30,8112,26,30,557,49,2020-09-25,1,22,39,60,40,0,0,0,0,0,1,luisaagpo,2021-06-01 16:55:30,
486,26,30,8112,26,30,557,49,2020-09-25,1,22,39,5,1,0,0,0,0,0,1,luisaagpo,2021-06-01 16:57:37,
487,26,30,8112,26,30,557,78,2020-08-25,1,22,33,10,11,0,0,0,0,0,1,luisaagpo,2021-06-01 16:59:41,
488,26,30,8112,26,30,557,78,2020-09-03,1,22,33,12,6,0,0,0,0,0,1,luisaagpo,2021-06-01 17:01:35,
489,26,30,8112,26,30,557,78,2020-09-08,1,22,33,11,5,0,0,0,0,0,1,luisaagpo,2021-06-01 17:03:19,
490,26,25,6110,26,30,567,66,2020-09-10,1,22,43,18,2,0,0,0,0,0,1,luisaagpo,2021-06-01 17:05:35,
491,26,30,8112,26,30,557,76,2020-10-01,1,22,5,19,5,0,0,0,0,0,1,luisaagpo,2021-06-02 17:31:35,
492,26,30,8112,26,30,557,82,2020-10-01,1,22,26,88,1,0,0,0,0,0,1,luisaagpo,2021-06-02 17:34:24,
493,26,30,8112,26,30,557,82,2020-10-02,1,22,26,73,1,0,0,0,0,0,1,luisaagpo,2021-06-02 17:36:45,
494,26,30,8112,26,30,557,82,2020-10-05,1,22,26,99,4,0,0,0,0,0,1,luisaagpo,2021-06-02 17:38:42,
495,26,30,8112,26,30,557,80,2020-10-05,1,22,16,39,20,0,0,0,0,0,1,luisaagpo,2021-06-02 17:41:38,
496,26,30,8112,26,30,557,82,2020-10-06,1,22,23,21,3,0,0,0,0,0,1,luisaagpo,2021-06-02 17:43:45,
497,26,30,8112,26,30,557,78,2020-10-07,1,22,35,6,11,0,0,0,0,0,1,luisaagpo,2021-06-02 17:45:50,
498,26,30,8112,26,30,557,82,2020-10-07,1,22,26,91,2,0,0,0,0,0,1,luisaagpo,2021-06-02 17:48:16,
499,26,30,8112,26,30,557,82,2020-10-09,1,22,26,82,2,0,0,0,0,0,1,luisaagpo,2021-06-02 17:50:35,
500,26,30,8112,26,30,557,78,2020-10-10,1,22,2,5,60,0,0,0,0,0,1,luisaagpo,2021-06-02 17:52:25,
501,26,30,8112,26,30,557,82,2020-10-13,1,22,16,11,2,0,0,0,0,0,1,luisaagpo,2021-06-02 17:56:07,
502,26,30,8112,26,30,557,82,2020-10-14,1,22,23,12,2,0,0,0,0,0,1,luisaagpo,2021-06-02 17:58:03,
503,26,30,8112,26,30,557,81,2020-10-14,1,22,9,10,11,0,0,0,0,0,1,luisaagpo,2021-06-02 18:00:17,
504,26,30,8112,26,30,557,82,2020-10-15,1,22,15,151,7,0,0,0,0,0,1,luisaagpo,2021-06-02 18:02:23,
505,26,30,8112,26,30,557,82,2020-10-15,1,22,33,72,38,0,0,0,0,0,1,luisaagpo,2021-06-02 18:05:59,
506,26,30,8112,26,30,557,82,2020-10-19,1,22,21,4,0,0,0,0,0,0,1,luisaagpo,2021-06-02 18:10:04,
507,26,30,8112,26,30,557,76,2020-10-20,1,22,3,12,3,0,0,0,0,0,1,luisaagpo,2021-06-02 18:13:44,
508,26,30,8112,26,30,557,82,2020-10-20,1,8,43,16,0,0,0,0,0,0,1,luisaagpo,2021-06-02 18:17:40,
509,26,30,8112,26,30,557,80,2020-10-21,1,22,16,42,26,0,0,0,0,0,1,luisaagpo,2021-06-02 18:20:02,
510,26,30,8112,26,30,557,82,2020-10-21,1,22,26,104,5,0,0,0,0,0,1,luisaagpo,2021-06-02 18:22:40,
511,26,30,8112,26,30,557,82,2020-10-22,1,22,30,13,13,0,0,0,0,0,1,luisaagpo,2021-06-02 18:27:00,
512,26,30,8112,26,30,557,82,2020-10-23,1,22,23,108,2,0,0,0,0,0,1,luisaagpo,2021-06-03 20:12:55,
513,26,30,8112,26,30,557,78,2020-10-23,1,22,5,14,2,0,0,0,0,0,1,luisaagpo,2021-06-03 20:14:57,
514,26,30,8112,26,30,557,78,2020-10-24,1,22,2,7,50,0,0,0,0,0,1,luisaagpo,2021-06-03 20:32:35,
515,26,30,8112,26,30,557,78,2020-10-27,1,22,2,7,3,0,0,0,0,0,1,luisaagpo,2021-06-03 20:34:47,
516,26,30,8112,26,30,557,82,2020-10-27,1,22,39,7,0,0,0,0,0,0,1,luisaagpo,2021-06-03 20:38:53,
517,26,30,8112,26,30,557,76,2020-10-28,1,22,23,10,3,0,0,0,0,0,1,luisaagpo,2021-06-03 20:42:20,
518,26,30,8112,26,30,557,78,2020-10-28,1,22,2,19,9,0,0,0,0,0,1,luisaagpo,2021-06-03 20:44:35,
519,26,30,8112,26,30,557,82,2020-10-28,1,22,15,75,2,0,0,0,0,0,1,luisaagpo,2021-06-03 20:48:30,
520,26,30,8112,26,30,557,82,2020-10-29,1,22,16,79,2,0,0,0,0,0,1,luisaagpo,2021-06-03 20:50:39,
521,26,30,8112,26,30,557,78,2020-10-29,1,22,3,17,7,0,0,0,0,0,1,luisaagpo,2021-06-03 20:53:15,
522,26,30,8112,26,30,557,82,2020-10-30,1,22,16,71,2,0,0,0,0,0,1,luisaagpo,2021-06-03 20:55:10,
523,26,30,8112,26,30,557,78,2020-10-30,1,22,34,48,19,0,0,0,0,0,1,luisaagpo,2021-06-03 20:57:18,
524,26,12,1936,26,30,568,43,2020-11-05,1,8,6,11,1,1,3,0,0,0,1,luisaagpo,2021-06-03 21:03:54,
525,26,12,1936,26,18,568,43,2020-11-05,1,8,6,12,13,0,1,0,0,0,1,luisaagpo,2021-06-03 21:08:01,
526,26,30,8112,26,30,557,82,2020-11-05,1,22,33,16,12,0,0,0,0,0,1,luisaagpo,2021-06-03 21:09:52,
527,26,18,4775,26,18,568,43,2020-11-06,1,8,6,12,2,0,0,0,0,0,1,luisaagpo,2021-06-03 21:12:52,
528,26,30,8112,26,30,557,82,2020-11-06,1,22,30,15,15,0,0,0,0,0,1,luisaagpo,2021-06-03 21:15:22,
529,26,18,19315,26,18,568,49,2020-11-10,1,21,2,8,0,0,0,0,0,0,1,luisaagpo,2021-06-04 18:27:39,
530,26,30,8112,26,30,557,78,2020-11-11,1,22,2,7,10,0,0,0,0,0,1,luisaagpo,2021-06-04 18:29:43,
531,26,30,8112,26,30,557,78,2020-11-11,1,22,28,17,5,0,0,0,0,0,1,luisaagpo,2021-06-04 18:33:45,
532,26,30,8112,26,30,557,76,2020-11-11,1,22,26,17,3,0,0,0,0,0,1,luisaagpo,2021-06-04 18:35:57,
533,26,30,8112,26,30,557,82,2020-11-11,1,22,20,88,1,0,0,0,0,0,1,luisaagpo,2021-06-04 18:38:28,
534,26,30,8112,26,30,557,90,2020-11-12,1,22,12,66,48,0,0,0,0,0,1,luisaagpo,2021-06-04 18:41:43,
535,26,18,19315,26,18,568,49,2020-11-12,1,21,2,8,0,0,0,0,0,0,1,luisaagpo,2021-06-04 18:46:31,
536,26,12,1936,26,18,568,43,2020-11-12,1,8,28,15,2,0,1,0,0,0,1,luisaagpo,2021-06-04 18:50:52,
537,26,18,4775,26,18,568,43,2020-11-13,1,8,28,13,0,0,0,0,0,0,1,luisaagpo,2021-06-04 18:53:34,
538,26,30,8112,26,30,557,135,2020-11-13,1,22,10,92,7,0,0,0,0,0,1,luisaagpo,2021-06-04 18:56:10,
539,26,30,8112,26,30,557,78,2020-11-17,1,22,5,8,4,0,0,0,0,0,1,luisaagpo,2021-06-04 18:58:43,
540,26,30,8112,26,30,557,78,2020-11-19,1,22,33,38,28,0,0,0,0,0,1,luisaagpo,2021-06-04 19:01:18,
541,26,30,8112,26,30,557,78,2020-11-19,1,22,28,8,0,0,0,0,0,0,1,luisaagpo,2021-06-04 19:03:32,
542,26,12,1936,26,18,568,43,2020-11-20,1,22,6,10,1,0,0,0,0,0,1,luisaagpo,2021-06-04 21:53:35,
543,26,30,8112,26,30,557,78,2020-11-20,1,22,5,36,26,0,0,0,0,0,1,luisaagpo,2021-06-05 19:37:31,
544,26,30,8112,26,30,557,78,2020-11-21,1,22,29,32,27,0,0,0,0,0,1,luisaagpo,2021-06-05 19:39:51,
545,26,30,8112,26,30,557,78,2020-11-23,1,22,2,3,43,0,0,0,0,0,1,luisaagpo,2021-06-05 19:41:44,
546,26,18,3645,26,18,568,43,2020-11-23,1,22,6,12,8,0,0,0,0,0,1,luisaagpo,2021-06-05 19:45:47,
547,26,30,8112,26,30,557,82,2020-11-23,1,22,16,270,69,0,0,0,0,0,1,luisaagpo,2021-06-05 20:02:20,
548,26,30,8112,26,30,557,49,2020-11-24,1,8,22,26,0,0,0,0,0,0,1,luisaagpo,2021-06-05 20:06:56,
549,26,30,8112,26,30,557,82,2020-11-24,1,22,34,194,16,0,0,0,0,0,1,luisaagpo,2021-06-05 20:10:22,
550,26,30,8112,26,30,557,82,2020-11-25,1,22,4,182,10,0,0,0,0,0,1,luisaagpo,2021-06-05 20:13:23,
551,26,18,3645,26,18,568,43,2020-11-25,1,22,6,89,20,0,0,0,0,0,1,luisaagpo,2021-06-05 20:15:58,
552,26,30,8112,26,30,557,49,2020-11-25,1,22,34,63,36,0,0,0,0,0,1,luisaagpo,2021-06-05 20:18:11,
553,26,30,8112,26,30,557,82,2020-12-27,1,22,34,282,123,0,0,0,0,0,1,luisaagpo,2021-06-05 20:20:43,
554,26,12,1936,26,30,557,81,2020-11-30,1,8,10,8,6,1,0,0,0,0,1,luisaagpo,2021-06-05 20:27:23,
555,26,30,8112,26,30,557,82,2020-12-02,1,21,12,134,11,0,0,0,0,0,1,luisaagpo,2021-06-05 20:30:44,
556,26,30,8112,26,30,557,78,2020-12-02,1,22,38,96,135,0,0,0,0,0,1,luisaagpo,2021-06-05 20:35:02,
557,26,30,8112,26,30,557,76,2020-12-02,1,22,29,14,4,0,0,0,0,0,1,luisaagpo,2021-06-05 20:38:13,
558,26,30,8112,26,30,557,76,2020-12-03,1,21,16,98,4,0,0,0,0,0,1,luisaagpo,2021-06-05 20:41:35,
559,26,30,8112,26,30,557,78,2020-12-03,1,22,29,45,12,0,0,0,0,0,1,luisaagpo,2021-06-05 20:45:00,
560,26,30,8112,26,30,557,82,2020-12-07,1,21,37,183,5,0,0,0,0,0,1,luisaagpo,2021-06-05 20:47:19,
561,26,30,8112,26,30,557,82,2020-12-08,1,22,10,6,5,0,0,0,0,0,1,luisaagpo,2021-06-05 20:49:07,
562,26,30,8112,26,30,557,82,2020-12-09,1,21,19,138,4,0,0,0,0,0,1,luisaagpo,2021-06-05 20:51:13,
563,26,30,8112,26,30,557,82,2020-12-10,1,21,13,130,4,0,0,0,0,0,1,luisaagpo,2021-06-05 20:53:48,
564,26,30,8112,26,30,557,78,2020-12-14,1,22,16,15,12,0,0,0,0,0,1,luisaagpo,2021-06-05 20:56:34,
565,26,30,8112,26,30,557,78,2020-12-14,1,22,5,10,0,0,0,0,0,0,1,luisaagpo,2021-06-05 20:58:20,
566,26,30,8112,26,30,557,80,2020-06-15,1,22,23,42,25,0,0,0,0,0,1,luisaagpo,2021-06-05 20:59:58,
567,26,30,8112,26,30,557,78,2020-12-15,1,22,29,8,34,0,0,0,0,0,1,luisaagpo,2021-06-05 21:02:06,
568,26,30,8112,26,30,557,78,2020-11-16,1,22,5,10,9,0,0,0,0,0,1,luisaagpo,2021-06-05 21:04:57,
569,26,25,6110,26,29,567,66,2020-12-15,1,22,6,20,0,1,0,0,0,0,1,luisaagpo,2021-06-05 21:19:43,
570,26,25,6110,26,29,567,66,2020-12-18,1,22,6,18,4,0,0,0,0,0,1,luisaagpo,2021-06-05 21:21:45,
571,26,30,8112,26,30,557,1,2020-11-20,1,22,34,15,12,0,0,0,0,0,1,luisaagpo,2021-06-05 21:34:12,
572,26,30,8112,26,30,557,78,2020-12-01,1,22,43,12,5,0,0,0,0,0,1,luisaagpo,2021-06-05 21:36:17,
573,26,30,8112,26,30,557,78,2020-12-15,1,22,43,7,3,0,0,0,0,0,1,luisaagpo,2021-06-05 21:38:04,
574,26,30,8112,26,30,557,1,2020-10-08,1,22,31,21,0,0,0,0,0,0,1,luisaagpo,2021-06-05 21:40:20,
575,26,30,8112,26,30,557,49,2020-10-26,1,22,39,2,2,0,0,0,0,0,1,luisaagpo,2021-06-05 21:42:05,
576,26,30,8112,26,30,557,78,2020-11-12,1,22,2,20,38,0,0,0,0,0,1,luisaagpo,2021-06-05 21:43:50,
577,26,30,8112,26,30,557,49,2020-11-27,1,22,2,150,62,0,0,0,0,0,1,luisaagpo,2021-06-05 21:45:46,
