id_pro_arch,id_programa,id_archivo
4,21,12
5,21,13
6,21,14
7,22,15
8,22,16
9,22,17
10,23,18
11,23,19
12,23,20
13,24,21
14,24,22
15,24,23
16,25,24
17,25,25
18,25,26
19,26,27
20,26,28
21,26,29
22,27,30
23,27,31
24,27,32
25,28,33
26,28,34
27,28,35
28,29,36
29,29,37
30,29,38
31,30,39
32,30,40
33,30,41
34,31,42
35,31,43
36,31,44
37,32,45
38,32,46
39,32,47
40,33,48
41,33,49
42,33,50
43,34,51
44,34,52
45,34,53
46,35,54
47,35,55
48,35,56
49,36,57
50,36,58
51,36,59
52,37,60
53,37,61
54,37,62
55,38,63
56,38,64
57,38,65
58,39,66
59,39,67
60,39,68
61,40,69
62,40,70
63,40,71
64,41,72
65,41,73
66,41,74
67,42,75
68,42,76
69,42,77
70,43,78
71,43,79
72,43,80
73,44,81
74,44,82
75,44,83
76,45,84
77,45,85
78,45,86
79,46,87
80,46,88
81,46,89
82,47,90
83,47,91
84,47,92
85,48,93
86,48,94
87,48,95
88,49,96
89,49,97
90,49,98
91,50,99
92,50,100
93,50,101
94,51,102
95,51,103
96,51,104
97,52,105
98,52,106
99,52,107
100,53,108
101,53,109
102,53,110
103,54,111
104,54,112
105,54,113
106,55,114
107,55,115
108,55,116
109,56,117
110,56,118
111,56,119
112,57,120
113,57,121
114,57,122
115,58,123
116,58,124
117,58,125
118,59,126
119,59,127
120,59,128
121,60,129
122,60,130
123,60,131
124,61,132
125,61,133
126,61,134
127,62,135
128,62,136
129,62,137
130,63,138
131,63,139
132,63,140
133,64,141
134,64,142
135,64,143
136,65,144
137,65,145
138,65,146
139,66,147
140,66,148
141,66,149
142,67,150
143,67,151
144,67,152
145,68,153
146,68,154
147,68,155
148,69,156
149,69,157
150,69,158
151,70,159
152,70,160
153,70,161
154,71,162
155,71,163
156,71,164
157,72,165
158,72,166
159,72,167
160,73,168
161,73,169
162,73,170
163,74,171
164,74,172
165,74,173
166,75,174
167,75,175
168,75,176
169,76,177
170,76,178
171,76,179
172,77,180
173,77,181
174,77,182
175,78,183
176,78,184
177,78,185
178,79,186
179,79,187
180,79,188
181,80,189
182,80,190
183,80,191
184,81,192
185,81,193
186,82,194
187,82,195
188,82,196
189,83,197
190,83,198
191,83,199
192,84,200
193,84,201
194,84,202
195,85,203
196,85,204
197,85,205
198,86,206
199,86,207
200,86,208
201,87,209
202,87,210
203,87,211
204,88,212
205,88,213
206,88,214
207,89,215
208,89,216
209,89,217
210,90,218
211,90,219
212,90,220
213,91,221
214,91,222
215,91,223
216,92,224
217,92,225
218,92,226
219,93,227
220,93,228
221,93,229
222,94,230
223,94,231
224,94,232
225,95,233
226,95,234
227,95,235
228,96,236
229,96,237
230,96,238
231,97,239
232,97,240
233,97,241
234,98,242
235,98,243
236,98,244
237,99,245
238,99,246
239,99,247
240,100,248
241,100,249
242,100,250
243,101,251
244,101,252
245,101,253
246,102,254
247,102,255
248,102,256
249,103,257
250,103,258
251,103,259
252,104,260
253,104,261
254,104,262
255,105,263
256,105,264
257,105,265
258,106,266
259,106,267
260,106,268
261,107,269
262,107,270
263,107,271
264,108,272
265,108,273
266,108,274
267,109,275
268,109,276
269,109,277
270,110,278
271,110,279
272,110,280
273,111,281
274,111,282
275,111,283
276,112,284
277,112,285
278,112,286
279,113,287
280,113,288
281,113,289
282,114,290
283,114,291
284,114,292
285,115,293
286,115,294
287,115,295
288,116,296
289,116,297
290,117,298
291,117,299
292,117,300
293,118,301
294,118,302
295,118,303
296,119,304
297,119,305
298,119,306
299,120,307
300,120,308
301,120,309
302,121,310
303,121,311
304,121,312
305,122,313
306,122,314
307,122,315
308,123,316
309,123,317
310,123,318
311,124,319
312,124,320
313,124,321
314,125,322
315,125,323
316,125,324
317,126,325
318,126,326
319,126,327
320,127,328
321,127,329
322,127,330
323,128,331
324,128,332
325,128,333
326,129,334
327,129,335
328,129,336
329,130,337
330,130,338
331,130,339
332,131,340
333,131,341
334,131,342
335,132,343
336,132,344
337,132,345
338,133,346
339,133,347
340,133,348
341,134,349
342,134,350
343,134,351
344,135,352
345,135,353
346,135,354
347,136,355
348,136,356
349,136,357
350,137,358
351,137,359
352,137,360
353,138,361
354,138,362
355,138,363
356,139,364
357,139,365
358,139,366
359,140,367
360,140,368
361,140,369
362,141,370
363,141,371
364,141,372
365,142,373
366,142,374
367,142,375
368,143,376
369,143,377
370,143,378
371,144,379
372,144,380
373,144,381
374,145,382
375,145,383
376,145,384
377,146,385
378,146,386
379,146,387
380,147,388
381,147,389
382,147,390
383,148,391
384,148,392
385,148,393
386,149,394
387,149,395
388,149,396
389,150,397
390,150,398
391,150,399
392,151,400
393,151,401
394,151,402
395,152,403
396,152,404
397,152,405
398,153,406
399,153,407
400,153,408
401,154,409
402,154,410
403,154,411
404,155,412
405,155,413
406,155,414
407,156,415
408,156,416
409,156,417
410,157,418
411,157,419
412,158,420
413,158,421
414,158,422
415,159,423
416,159,424
417,159,425
418,160,426
419,160,427
420,160,428
421,161,429
422,161,430
423,161,431
424,162,432
425,162,433
426,162,434
427,163,435
428,163,436
429,164,437
430,164,438
431,165,439
432,165,440
433,165,441
434,166,442
435,166,443
436,166,444
437,167,445
438,167,446
439,167,447
440,168,448
441,168,449
442,168,450
443,169,451
444,169,452
445,169,453
446,170,454
447,170,455
448,170,456
449,171,457
450,171,458
451,171,459
452,172,460
453,172,461
454,172,462
455,173,463
456,173,464
457,173,465
458,174,466
459,174,467
460,174,468
461,175,469
462,175,470
463,175,471
464,176,472
465,176,473
466,176,474
467,177,475
468,177,476
469,177,477
470,178,478
471,178,479
472,180,480
473,180,481
474,181,482
475,181,483
476,181,484
477,182,485
478,182,486
479,182,487
480,183,488
481,183,489
482,183,490
483,184,491
484,184,492
485,184,493
486,185,494
487,185,495
488,185,496
489,186,497
490,186,498
491,188,499
492,188,500
493,188,501
494,190,502
495,190,503
496,190,504
497,191,505
498,191,506
499,191,507
500,192,508
501,192,509
502,193,510
503,193,511
504,193,512
505,194,513
506,194,514
507,194,515
508,195,516
509,195,517
510,195,518
511,196,519
512,196,520
513,196,521
514,197,522
515,197,523
516,197,524
517,198,525
518,198,526
519,198,527
520,199,528
521,199,529
522,199,530
523,200,531
524,200,532
525,200,533
526,201,534
527,201,535
528,201,536
529,202,537
530,202,538
531,202,539
532,203,540
533,203,541
534,203,542
535,204,543
536,204,544
537,204,545
538,205,546
539,205,547
540,205,548
541,206,549
542,206,550
543,207,551
544,207,552
545,207,553
546,208,554
547,208,555
548,208,556
549,209,557
550,209,558
551,210,559
552,210,560
553,211,561
554,211,562
555,211,563
556,212,564
557,212,565
558,212,566
559,213,567
560,213,568
561,213,569
562,214,570
563,214,571
564,215,572
565,215,573
566,215,574
567,216,575
568,216,576
569,216,577
570,217,578
571,217,579
572,217,580
573,218,581
574,218,582
575,218,583
576,219,584
577,219,585
578,219,586
579,220,587
580,220,588
581,220,589
582,221,590
583,221,591
584,221,592
585,222,593
586,222,594
587,222,595
588,223,596
589,223,597
590,223,598
591,224,599
592,224,600
593,224,601
594,225,602
595,225,603
596,225,604
597,226,605
598,226,606
599,226,607
600,227,608
601,227,609
602,227,610
603,228,611
604,228,612
605,228,613
606,229,614
607,229,615
608,229,616
609,230,617
610,230,618
611,230,619
612,231,620
613,231,621
614,231,622
615,232,623
616,232,624
617,232,625
618,233,626
619,233,627
620,233,628
621,234,629
622,234,630
623,234,631
624,235,632
625,235,633
626,235,634
627,236,635
628,236,636
629,236,637
630,237,638
631,237,639
632,237,640
633,238,641
634,238,642
635,238,643
636,239,644
637,239,645
638,240,646
639,240,647
640,240,648
641,241,649
642,241,650
643,241,651
644,242,652
645,242,653
646,242,654
647,244,655
648,244,656
649,245,657
650,245,658
651,246,659
652,246,660
653,247,661
654,247,662
655,248,663
656,248,664
657,248,665
658,249,666
659,249,667
660,249,668
661,250,669
662,250,670
663,250,671
664,251,672
665,251,673
666,251,674
667,252,675
668,252,676
669,253,677
670,253,678
671,253,679
672,254,680
673,254,681
674,254,682
675,255,683
676,255,684
677,255,685
678,256,686
679,256,687
680,257,688
681,257,689
682,257,690
683,258,691
684,258,692
685,259,693
686,259,694
687,259,695
688,260,696
689,260,697
690,260,698
691,261,699
692,261,700
693,261,701
694,262,702
695,262,703
696,262,704
697,263,705
698,263,706
699,263,707
700,264,708
701,264,709
702,264,710
703,265,711
704,265,712
705,265,713
706,266,714
707,266,715
708,266,716
709,267,717
710,267,718
711,268,719
712,268,720
713,269,721
714,269,722
715,269,723
716,270,724
717,270,725
718,271,726
719,271,727
720,272,728
721,272,729
722,272,730
723,273,731
724,273,732
725,273,733
726,274,734
727,274,735
728,274,736
729,275,737
730,275,738
731,276,739
732,276,740
733,276,741
734,277,742
735,277,743
736,277,744
737,278,745
738,278,746
739,278,747
740,279,748
741,279,749
742,280,750
743,280,751
744,280,752
745,281,753
746,281,754
747,281,755
748,282,756
749,282,757
750,282,758
751,283,759
752,283,760
753,284,761
754,284,762
755,285,763
756,285,764
757,286,765
758,286,766
759,286,767
760,287,768
761,287,769
762,288,770
763,288,771
764,288,772
765,289,773
766,289,774
767,289,775
768,290,776
769,290,777
770,290,778
771,291,779
772,291,780
773,291,781
774,292,782
775,292,783
776,294,784
777,294,785
778,294,786
779,295,787
780,295,788
781,295,789
782,296,790
783,296,791
784,296,792
785,297,793
786,297,794
787,297,795
788,298,796
789,298,797
790,299,798
791,299,799
792,299,800
793,300,801
794,300,802
795,300,803
796,301,804
797,301,805
798,302,806
799,302,807
800,302,808
801,303,809
802,303,810
803,303,811
804,304,812
805,304,813
806,304,814
807,305,815
808,305,816
809,305,817
810,306,818
811,306,819
812,306,820
813,307,821
814,307,822
815,307,823
816,308,824
817,308,825
818,308,826
819,309,827
820,309,828
821,310,829
822,310,830
823,310,831
824,311,832
825,311,833
826,311,834
827,312,835
828,312,836
829,312,837
830,313,838
831,313,839
832,313,840
833,314,841
834,314,842
835,314,843
836,315,844
837,315,845
838,316,846
839,316,847
840,316,848
841,317,849
842,317,850
843,317,851
844,318,852
845,318,853
846,318,854
847,319,855
848,319,856
849,319,857
850,320,858
851,320,859
852,320,860
853,321,861
854,321,862
855,322,863
856,322,864
857,323,865
858,323,866
859,323,867
860,324,868
861,324,869
862,324,870
863,325,871
864,325,872
865,325,873
866,327,874
867,327,875
868,327,876
869,328,877
870,328,878
871,328,879
872,329,880
873,329,881
874,329,882
875,330,883
876,330,884
877,330,885
878,331,886
879,331,887
880,331,888
881,332,889
882,332,890
883,332,891
884,333,892
885,333,893
886,333,894
887,334,895
888,334,896
889,334,897
890,335,898
891,335,899
892,335,900
893,336,901
894,336,902
895,336,903
896,337,904
897,337,905
898,337,906
899,338,907
900,338,908
901,338,909
902,339,910
903,339,911
904,339,912
905,340,913
906,340,914
907,340,915
908,341,916
909,341,917
910,341,918
911,342,919
912,342,920
913,342,921
914,343,922
915,343,923
916,343,924
917,344,925
918,344,926
919,344,927
920,345,928
921,345,929
922,345,930
923,346,931
924,346,932
925,346,933
926,347,934
927,347,935
928,347,936
929,348,937
930,348,938
931,348,939
932,349,940
933,349,941
934,349,942
935,350,943
936,350,944
937,350,945
938,351,946
939,351,947
940,351,948
941,352,949
942,352,950
943,352,951
944,353,952
945,353,953
946,354,954
947,354,955
948,354,956
949,355,957
950,355,958
951,356,959
952,356,960
953,357,961
954,357,962
955,358,963
956,358,964
957,359,965
958,359,966
959,359,967
960,360,968
961,360,969
962,360,970
963,361,971
964,361,972
965,361,973
966,362,974
967,362,975
968,363,976
969,363,977
970,363,978
971,364,979
972,364,980
973,364,981
974,365,982
975,365,983
976,365,984
977,366,985
978,366,986
979,366,987
980,367,988
981,367,989
982,367,990
983,368,991
984,368,992
985,369,993
986,369,994
987,370,995
988,370,996
989,370,997
990,371,998
991,371,999
992,372,1000
993,372,1001
994,372,1002
995,373,1003
996,373,1004
997,374,1005
998,374,1006
999,375,1007
1000,375,1008
1001,376,1009
1002,376,1010
1003,377,1011
1004,377,1012
1005,378,1013
1006,378,1014
1007,379,1015
1008,379,1016
1009,380,1017
1010,380,1018
1011,381,1019
1012,381,1020
1013,381,1021
1014,382,1022
1015,382,1023
1016,383,1024
1017,383,1025
1018,384,1026
1019,384,1027
1020,385,1028
1021,385,1029
1022,385,1030
1023,386,1031
1024,386,1032
1025,387,1033
1026,387,1034
1027,388,1035
1028,388,1036
1029,389,1037
1030,389,1038
1031,390,1039
1032,390,1040
1033,391,1041
1034,391,1042
1035,392,1043
1036,392,1044
1037,393,1045
1038,393,1046
1039,394,1047
1040,394,1048
1041,395,1049
1042,395,1050
1043,395,1051
1044,396,1052
1045,396,1053
1046,396,1054
1047,397,1055
1048,397,1056
1049,397,1057
1050,398,1058
1051,398,1059
1052,399,1060
1053,399,1061
1054,400,1062
1055,400,1063
1056,401,1064
1057,401,1065
1058,401,1066
1059,402,1067
1060,402,1068
1061,403,1069
1062,403,1070
1063,404,1071
1064,404,1072
1065,405,1073
1066,405,1074
1067,405,1075
1068,406,1076
1069,406,1077
1070,406,1078
1071,407,1079
1072,407,1080
1073,408,1081
1074,408,1082
1075,409,1083
1076,409,1084
1077,410,1085
1078,410,1086
1079,410,1087
1080,411,1088
1081,411,1089
1082,411,1090
1083,412,1091
1084,412,1092
1085,412,1093
1086,413,1094
1087,413,1095
1088,413,1096
1089,414,1097
1090,414,1098
1091,414,1099
1092,415,1100
1093,415,1101
1094,415,1102
1095,416,1103
1096,416,1104
1097,416,1105
1098,417,1106
1099,417,1107
1100,418,1108
1101,418,1109
1102,418,1110
1103,419,1111
1104,419,1112
1105,420,1113
1106,420,1114
1107,420,1115
1108,421,1116
1109,421,1117
1110,421,1118
1111,422,1119
1112,422,1120
1113,422,1121
1114,423,1122
1115,423,1123
1116,423,1124
1117,424,1125
1118,424,1126
1119,424,1127
1120,425,1128
1121,425,1129
1122,425,1130
1123,426,1131
1124,426,1132
1125,427,1133
1126,427,1134
1127,427,1135
1128,428,1136
1129,428,1137
1130,429,1138
1131,429,1139
1132,429,1140
1133,430,1141
1134,430,1142
1135,430,1143
1136,431,1144
1137,431,1145
1138,431,1146
1139,432,1147
1140,432,1148
1141,432,1149
1142,433,1150
1143,433,1151
1144,433,1152
1145,434,1153
1146,434,1154
1147,434,1155
1148,435,1156
1149,435,1157
1150,435,1158
1151,436,1159
1152,436,1160
1153,436,1161
1154,437,1162
1155,437,1163
1156,437,1164
1157,438,1165
1158,438,1166
1159,438,1167
1160,439,1168
1161,439,1169
1162,439,1170
1163,440,1171
1164,440,1172
1165,440,1173
1166,441,1174
1167,441,1175
1168,441,1176
1169,442,1177
1170,442,1178
1171,442,1179
1172,443,1180
1173,443,1181
1174,443,1182
1175,444,1183
1176,444,1184
1177,444,1185
1178,445,1186
1179,445,1187
1180,445,1188
1181,446,1189
1182,446,1190
1183,446,1191
1184,447,1192
1185,447,1193
1186,447,1194
1187,448,1195
1188,448,1196
1189,448,1197
1190,449,1198
1191,449,1199
1192,449,1200
1193,450,1201
1194,450,1202
1195,450,1203
1196,451,1204
1197,451,1205
1198,451,1206
1199,452,1207
1200,452,1208
1201,452,1209
1202,453,1210
1203,453,1211
1204,453,1212
1205,454,1213
1206,454,1214
1207,454,1215
1208,455,1216
1209,455,1217
1210,455,1218
1211,456,1219
1212,456,1220
1213,456,1221
1214,457,1222
1215,457,1223
1216,457,1224
1217,458,1225
1218,458,1226
1219,459,1227
1220,459,1228
1221,459,1229
1222,460,1230
1223,460,1231
1224,460,1232
1225,461,1233
1226,461,1234
1227,461,1235
1228,462,1236
1229,462,1237
1230,462,1238
1231,463,1239
1232,463,1240
1233,463,1241
1234,464,1242
1235,464,1243
1236,464,1244
1237,465,1245
1238,465,1246
1239,465,1247
1240,466,1248
1241,466,1249
1242,466,1250
1243,467,1251
1244,467,1252
1245,467,1253
1246,468,1254
1247,468,1255
1248,468,1256
1249,469,1257
1250,469,1258
1251,469,1259
1252,470,1260
1253,470,1261
1254,470,1262
1255,471,1263
1256,471,1264
1257,471,1265
1258,472,1266
1259,472,1267
1260,472,1268
1261,473,1269
1262,473,1270
1263,473,1271
1264,474,1272
1265,474,1273
1266,474,1274
1267,475,1275
1268,475,1276
1269,475,1277
1270,476,1278
1271,476,1279
1272,476,1280
1273,477,1281
1274,477,1282
1275,477,1283
1276,478,1284
1277,478,1285
1278,478,1286
1279,479,1287
1280,479,1288
1281,479,1289
1282,480,1290
1283,480,1291
1284,480,1292
1285,481,1293
1286,481,1294
1287,481,1295
1288,482,1296
1289,482,1297
1290,482,1298
1291,483,1299
1292,483,1300
1293,484,1301
1294,484,1302
1295,484,1303
1296,485,1304
1297,485,1305
1298,485,1306
1299,486,1307
1300,486,1308
1301,486,1309
1302,487,1310
1303,487,1311
1304,487,1312
1305,488,1313
1306,488,1314
1307,488,1315
1308,489,1316
1309,489,1317
1310,490,1318
1311,490,1319
1312,490,1320
1313,491,1321
1314,491,1322
1315,491,1323
1316,492,1324
1317,492,1325
1318,492,1326
1319,493,1327
1320,493,1328
1321,493,1329
1322,494,1330
1323,494,1331
1324,494,1332
1325,495,1333
1326,495,1334
1327,495,1335
1328,496,1336
1329,496,1337
1330,496,1338
1331,497,1339
1332,497,1340
1333,497,1341
1334,498,1342
1335,498,1343
1336,498,1344
1337,499,1345
1338,499,1346
1339,499,1347
1340,500,1348
1341,500,1349
1342,500,1350
1343,501,1351
1344,501,1352
1345,502,1353
1346,502,1354
1347,502,1355
1348,503,1356
1349,503,1357
1350,504,1358
1351,504,1359
1352,504,1360
1353,505,1361
1354,505,1362
1355,505,1363
1356,506,1364
1357,506,1365
1358,507,1366
1359,507,1367
1360,507,1368
1361,508,1369
1362,508,1370
1363,509,1371
1364,509,1372
1365,509,1373
1366,510,1374
1367,510,1375
1368,510,1376
1369,511,1377
1370,511,1378
1371,511,1379
1372,512,1380
1373,512,1381
1374,512,1382
1375,513,1383
1376,513,1384
1377,513,1385
1378,514,1386
1379,514,1387
1380,514,1388
1381,515,1389
1382,515,1390
1383,515,1391
1384,516,1392
1385,516,1393
1386,516,1394
1387,517,1395
1388,517,1396
1389,517,1397
1390,518,1398
1391,518,1399
1392,518,1400
1393,519,1401
1394,519,1402
1395,520,1403
1396,520,1404
1397,521,1405
1398,521,1406
1399,521,1407
1400,522,1408
1401,522,1409
1402,523,1410
1403,523,1411
1404,523,1412
1405,524,1413
1406,524,1414
1407,524,1415
1408,525,1416
1409,525,1417
1410,525,1418
1411,526,1419
1412,526,1420
1413,527,1421
1414,527,1422
1415,527,1423
1416,528,1424
1417,528,1425
1418,528,1426
1419,529,1427
1420,529,1428
1421,529,1429
1422,530,1430
1423,530,1431
1424,530,1432
1425,531,1433
1426,531,1434
1427,531,1435
1428,532,1436
1429,532,1437
1430,532,1438
1431,533,1439
1432,533,1440
1433,533,1441
1434,534,1442
1435,534,1443
1436,534,1444
1437,535,1445
1438,535,1446
1439,535,1447
1440,536,1448
1441,536,1449
1442,536,1450
1443,537,1451
1444,537,1452
1445,537,1453
1446,538,1454
1447,538,1455
1448,538,1456
1449,539,1457
1450,539,1458
1451,539,1459
1452,540,1460
1453,540,1461
1454,540,1462
1455,541,1463
1456,541,1464
1457,541,1465
1458,542,1466
1459,542,1467
1460,542,1468
1461,543,1469
1462,543,1470
1463,543,1471
1464,544,1472
1465,544,1473
1466,544,1474
1467,545,1475
1468,545,1476
1469,545,1477
1470,546,1478
1471,546,1479
1472,546,1480
1473,547,1481
1474,547,1482
1475,548,1483
1476,548,1484
1477,548,1485
1478,549,1486
1479,549,1487
1480,550,1488
1481,550,1489
1482,550,1490
1483,551,1491
1484,551,1492
1485,551,1493
1486,552,1494
1487,552,1495
1488,552,1496
1489,553,1497
1490,553,1498
1491,554,1499
1492,554,1500
1493,554,1501
1494,555,1502
1495,555,1503
1496,555,1504
1497,556,1505
1498,556,1506
1499,557,1507
1500,557,1508
1501,557,1509
1502,558,1510
1503,558,1511
1504,558,1512
1505,559,1513
1506,559,1514
1507,559,1515
1508,560,1516
1509,560,1517
1510,561,1518
1511,561,1519
1512,562,1520
1513,562,1521
1514,562,1522
1515,563,1523
1516,563,1524
1517,563,1525
1518,564,1526
1519,564,1527
1520,564,1528
1521,565,1529
1522,565,1530
1523,566,1531
1524,566,1532
1525,566,1533
1526,567,1534
1527,567,1535
1528,567,1536
1529,568,1537
1530,568,1538
1531,568,1539
1532,569,1540
1533,569,1541
1534,570,1542
1535,570,1543
1536,571,1544
1537,571,1545
1538,571,1546
1539,572,1547
1540,572,1548
1541,572,1549
1542,573,1550
1543,573,1551
1544,573,1552
1545,574,1553
1546,574,1554
1547,574,1555
1548,575,1556
1549,575,1557
1550,576,1558
1551,576,1559
1552,576,1560
1553,577,1561
1554,577,1562
1555,577,1563
